idMiscellaneous,subject,reading,createdat
878,speedreading,1740444023:BV:2619,"2025-02-25 00:40:25"
860,speedreading,1740444923:BV:2546,"2025-02-25 00:55:25"
878,speedreading,1740447622:BV:2617,"2025-02-25 01:40:24"
860,speedreading,1740448522:BV:2546,"2025-02-25 01:55:26"
878,speedreading,1740451222:BV:2616,"2025-02-25 02:40:25"
860,speedreading,1740452122:BV:2547,"2025-02-25 02:55:25"
878,speedreading,1740454823:BV:2615,"2025-02-25 03:40:26"
860,speedreading,1740455723:BV:2546,"2025-02-25 03:55:25"
878,speedreading,1740458423:BV:2611,"2025-02-25 04:40:27"
872,speedreading,1740458424:BV:32767,"2025-02-25 04:40:27"
875,speedreading,1740458448:BV:2609,"2025-02-25 04:40:53"
860,speedreading,1740459322:BV:2547,"2025-02-25 04:55:25"
878,speedreading,1740462022:BV:2605,"2025-02-25 05:40:24"
872,speedreading,1740462022:BV:2601,"2025-02-25 05:40:26"
875,speedreading,1740462046:BV:2603,"2025-02-25 05:40:50"
860,speedreading,1740462922:BV:2547,"2025-02-25 05:55:25"
636,getconfigrun,success,"2025-02-25 06:30:06"
636,speedreading,1740465000:W1:12078:0~1740465000:BV:456~,"2025-02-25 06:30:06"
636,getconfigrun,success,"2025-02-25 06:34:04"
636,speedreading,1740465240:W0:9852:175:200:0~1740465240:BV:454~,"2025-02-25 06:34:04"
638,getconfigrun,success,"2025-02-25 06:40:23"
638,speedreading,1740465600:W1:11607:0~1740465600:BV:805~,"2025-02-25 06:40:24"
638,getconfigrun,success,"2025-02-25 06:44:20"
638,speedreading,1740465840:W0:8218:50:200:0~1740465840:BV:802~,"2025-02-25 06:44:22"
860,speedreading,1740466522:BV:2546,"2025-02-25 06:55:25"
650,getconfigrun,success,"2025-02-25 07:00:11"
650,speedreading,1740466800:W1:5768:0~1740466800:BV:821~,"2025-02-25 07:00:11"
50024,speedreading,"{"Datetime": [14, "02", "07", "TUE", 25, 2, 2025], "Data": [{"ar": "0", "BOFR": "0", "VN": "B", "AOFR": "0", "A1": "LO", "NN": "A", "F1": "0", "F2": "0", "ACR": "B"}]}","2025-02-25 07:02:17"
64,getconfigrun,success,"2025-02-25 07:10:36"
64,speedreading,1740294600:E1:56401~1740294600:W1:56335:0~1740294600:BV:337~1740296400:E1:32077~1740296400:W0:32077:0:200:0~1740296400:BV:337~1740381000:E1:16963~1740381000:W1:16964:0~1740381000:BV:339~1740382800:E1:19029~1740382800:W0:19033:0:200:0~1740382800:BV:337~,"2025-02-25 07:10:36"
50024,speedreading,"{"Datetime": [33, 21, "07", "TUE", 25, 2, 2025], "Data": [{"ar": "0", "BCFR": "0", "VN": "B", "ACFR": "0", "A1": "LC", "NN": "A", "F1": "294", "F2": "0", "ACR": "b"}]}","2025-02-25 07:21:37"
113,getconfigrun,success,"2025-02-25 07:30:06"
113,speedreading,1740468600:W1:5867:1~1740468600:BV:447~,"2025-02-25 07:30:07"
650,getconfigrun,success,"2025-02-25 07:30:10"
650,speedreading,1740468600:W0:4922:0:200:0~1740468600:BV:821~,"2025-02-25 07:30:10"
50024,speedreading,"{"Datetime": [15, 32, "07", "TUE", 25, 2, 2025], "Data": [{"ar": "0", "BOFR": "0", "VN": "C", "AOFR": "0", "A1": "LO", "NN": "A", "F1": "0", "F2": "0", "ACR": "C"}]}","2025-02-25 07:32:19"
101,getconfigrun,success,"2025-02-25 07:35:04"
101,speedreading,1740468900:W1:6406:0~1740468900:BV:424~,"2025-02-25 07:35:04"
113,getconfigrun,success,"2025-02-25 07:40:05"
113,speedreading,1740469200:W0:4763:59:200:0~1740469200:BV:448~,"2025-02-25 07:40:06"
101,getconfigrun,success,"2025-02-25 07:41:02"
101,speedreading,1740469260:W0:4716:286:200:0~1740469260:BV:427~,"2025-02-25 07:41:02"
651,getconfigrun,success,"2025-02-25 07:45:10"
651,speedreading,1740469500:W1:6005:136~1740469500:BV:834~,"2025-02-25 07:45:10"
50024,speedreading,"{"Datetime": [33, 51, "07", "TUE", 25, 2, 2025], "Data": [{"ar": "0", "BCFR": "0", "VN": "C", "ACFR": "0", "A1": "LC", "NN": "A", "F1": "173", "F2": "0", "ACR": "c"}]}","2025-02-25 07:51:35"
860,speedreading,1740470121:BV:2569,"2025-02-25 07:55:24"
108,getconfigrun,success,"2025-02-25 08:00:07"
108,speedreading,1740470400:W1:7054:0~1740470400:BV:436~,"2025-02-25 08:00:07"
50024,speedreading,"{"Datetime": [13, "02", "08", "TUE", 25, 2, 2025], "Data": [{"ar": "0", "BOFR": "0", "VN": "A", "AOFR": "0", "A1": "LO", "NN": "A", "F1": "0", "F2": "0", "ACR": "A"}]}","2025-02-25 08:02:16"
531,getconfigrun,success,"2025-02-25 08:07:59"
531,speedreading,1740382560:E1:49438~1740382560:W1:49375:0~1740382560:BV:394~1740384480:E1:49496~1740384480:W0:49500:26:200:0~1740384480:BV:394~1740468960:E1:28572~1740468960:W1:28578:0~1740468960:BV:394~1740470880:W0:29313:27:200:0~1740470880:BV:393~,"2025-02-25 08:08:00"
108,getconfigrun,success,"2025-02-25 08:10:06"
108,speedreading,1740471000:W0:5640:16:200:0~1740471000:BV:435~,"2025-02-25 08:10:06"
651,getconfigrun,success,"2025-02-25 08:15:09"
651,speedreading,1740471300:W0:4928:113:200:0~1740471300:BV:835~,"2025-02-25 08:15:09"
50024,speedreading,"{"Datetime": [33, 21, "08", "TUE", 25, 2, 2025], "Data": [{"ar": "0", "BCFR": "0", "VN": "A", "ACFR": "0", "A1": "LC", "NN": "A", "F1": "171", "F2": "0", "ACR": "a"}]}","2025-02-25 08:21:38"
652,getconfigrun,success,"2025-02-25 08:30:03"
652,speedreading,1740472200:W1:5991:0~1740472200:BV:818~,"2025-02-25 08:30:03"
106,getconfigrun,success,"2025-02-25 08:30:05"
106,speedreading,1740472200:W1:6598:0~1740472200:BV:447~,"2025-02-25 08:30:05"
50024,speedreading,"{"Datetime": [14, 32, "08", "TUE", 25, 2, 2025], "Data": [{"ar": "0", "BOFR": "0", "VN": "D", "AOFR": "0", "A1": "LO", "NN": "A", "F1": "0", "F2": "0", "ACR": "D"}]}","2025-02-25 08:32:17"
106,getconfigrun,success,"2025-02-25 08:36:03"
106,speedreading,1740472560:W0:4842:182:200:0~1740472560:BV:450~,"2025-02-25 08:36:03"
652,getconfigrun,success,"2025-02-25 08:50:02"
652,speedreading,1740473400:W0:5001:54:200:0~1740473400:BV:816~,"2025-02-25 08:50:02"
50024,speedreading,"{"Datetime": [34, 51, "08", "TUE", 25, 2, 2025], "Data": [{"ar": "0", "BCFR": "0", "VN": "D", "ACFR": "0", "A1": "LC", "NN": "A", "F1": "169", "F2": "0", "ACR": "d"}]}","2025-02-25 08:51:39"
860,speedreading,1740473722:BV:2576,"2025-02-25 08:55:26"
656,getconfigrun,success,"2025-02-25 09:21:10"
656,speedreading,1740475260:W1:11248:0~1740475260:BV:412~,"2025-02-25 09:21:10"
612,getconfigrun,success,"2025-02-25 09:34:11"
612,speedreading,1740476040:W1:8610:0~1740476040:BV:533~,"2025-02-25 09:34:11"
612,getconfigrun,success,"2025-02-25 09:40:10"
612,speedreading,1740476400:W0:7350:87:200:0~1740476400:BV:534~,"2025-02-25 09:40:10"
860,speedreading,1740477322:BV:2599,"2025-02-25 09:55:24"
609,getconfigrun,success,"2025-02-25 10:05:22"
609,speedreading,1740477900:W1:5690:0~1740477900:BV:530~,"2025-02-25 10:05:22"
609,getconfigrun,success,"2025-02-25 10:27:21"
609,speedreading,1740479220:W0:4913:4:201:0~1740479220:BV:530~,"2025-02-25 10:27:21"
878,speedreading,1740480023:BV:3300,"2025-02-25 10:40:24"
875,speedreading,1740480069:BV:3300,"2025-02-25 10:41:10"
860,speedreading,1740480923:BV:2626,"2025-02-25 10:55:25"
539,getconfigrun,success,"2025-02-25 11:00:14"
539,speedreading,1740481200:W1:5661:0~1740481200:BV:460~,"2025-02-25 11:00:14"
539,getconfigrun,success,"2025-02-25 11:25:13"
539,speedreading,1740482700:W0:4886:0:200:0~1740482700:BV:449~,"2025-02-25 11:25:13"
872,speedreading,1740483623:BV:2632,"2025-02-25 11:40:25"
878,speedreading,1740483622:BV:3300,"2025-02-25 11:40:25"
875,speedreading,1740483647:BV:3300,"2025-02-25 11:40:49"
860,speedreading,1740484523:BV:3300,"2025-02-25 11:55:25"
610,getconfigrun,success,"2025-02-25 12:03:19"
610,speedreading,1740484980:W1:5895:0~1740484980:BV:522~,"2025-02-25 12:03:19"
610,getconfigrun,success,"2025-02-25 12:07:18"
610,speedreading,1740485220:W0:5022:0:200:0~1740485220:BV:523~,"2025-02-25 12:07:18"
872,speedreading,1740487223:BV:2667,"2025-02-25 12:40:25"
875,speedreading,1740487246:BV:3300,"2025-02-25 12:40:49"
860,speedreading,1740488123:BV:3300,"2025-02-25 12:55:27"
872,speedreading,1740490822:BV:3229,"2025-02-25 13:40:24"
875,speedreading,1740490845:BV:3300,"2025-02-25 13:40:48"
860,speedreading,1740491722:BV:3300,"2025-02-25 13:55:24"
117,getconfigrun,success,"2025-02-25 14:36:43"
117,getconfigrun,success,"2025-02-25 14:39:42"
117,speedreading,1740494376:BV:602~,"2025-02-25 14:39:42"
878,speedreading,1740494422:BV:2639,"2025-02-25 14:40:24"
872,speedreading,1740494424:BV:32767,"2025-02-25 14:40:27"
875,speedreading,1740494448:BV:3300,"2025-02-25 14:40:52"
117,getconfigrun,success,"2025-02-25 14:43:06"
117,speedreading,1740494580:W1:5996:277~1740494580:BV:602~,"2025-02-25 14:43:07"
117,getconfigrun,success,"2025-02-25 14:47:05"
117,speedreading,1740494820:W0:5101:0:200:0~1740494820:BV:601~,"2025-02-25 14:47:06"
117,getconfigrun,success,"2025-02-25 14:53:13"
117,speedreading,1740495188:BV:602~,"2025-02-25 14:53:13"
860,speedreading,1740495323:BV:3300,"2025-02-25 14:55:27"
543,getconfigrun,success,"2025-02-25 15:00:10"
543,speedreading,1740495600:W1:5730:0~1740495600:BV:506~,"2025-02-25 15:00:11"
860,speedreading,1740498923:BV:3300,"2025-02-25 15:55:27"
613,getconfigrun,success,"2025-02-25 16:00:13"
613,speedreading,1740499200:W1:7644:0~1740499200:BV:826~,"2025-02-25 16:00:13"
528,getconfigrun,success,"2025-02-25 16:00:19"
528,speedreading,1740499200:W1:8295:0~1740499200:BV:428~,"2025-02-25 16:00:19"
528,getconfigrun,success,"2025-02-25 16:04:15"
528,speedreading,1740499440:W0:4840:26:200:0~1740499440:BV:428~,"2025-02-25 16:04:16"
655,getconfigrun,success,"2025-02-25 16:08:12"
655,speedreading,1740499680:W1:7697:4~1740499680:BV:428~,"2025-02-25 16:08:12"
625,getconfigrun,success,"2025-02-25 16:10:08"
625,speedreading,1740499800:W1:8239:0~1740499800:BV:408~,"2025-02-25 16:10:08"
625,getconfigrun,success,"2025-02-25 16:14:04"
625,speedreading,1740500040:W0:4894:33:200:0~1740500040:BV:408~,"2025-02-25 16:14:05"
543,getconfigrun,success,"2025-02-25 16:16:10"
543,speedreading,1740500160:W0:4903:1:200:0~1740500160:BV:510~,"2025-02-25 16:16:10"
613,getconfigrun,success,"2025-02-25 16:20:11"
613,speedreading,1740500400:W0:5716:241:200:0~1740500400:BV:805~,"2025-02-25 16:20:11"
878,speedreading,1740501623:BV:2658,"2025-02-25 16:40:25"
860,speedreading,1740502521:BV:3300,"2025-02-25 16:55:30"
109,getconfigrun,success,"2025-02-25 17:00:06"
109,speedreading,1740502800:W1:6118:0~1740502800:BV:854~,"2025-02-25 17:00:06"
655,getconfigrun,success,"2025-02-25 17:12:10"
655,speedreading,1740503520:W0:6104:145:200:0~1740503520:BV:428~,"2025-02-25 17:12:10"
53,getconfigrun,success,"2025-02-25 17:18:18"
53,speedreading,1740503880:W1:6606:0~1740503880:BV:453~,"2025-02-25 17:18:18"
860,speedreading,1740506122:BV:2602,"2025-02-25 17:55:24"
524,getconfigrun,success,"2025-02-25 18:00:14"
524,speedreading,1740506400:W1:6025:0~1740506400:BV:408~,"2025-02-25 18:00:14"
109,getconfigrun,success,"2025-02-25 18:01:05"
109,speedreading,1740506460:W0:4960:0:200:0~1740506460:BV:852~,"2025-02-25 18:01:05"
117,getconfigrun,success,"2025-02-25 18:01:06"
117,speedreading,1740506460:W1:5847:331~1740506460:BV:600~,"2025-02-25 18:01:06"
524,getconfigrun,success,"2025-02-25 18:04:16"
524,speedreading,1740506640:W0:7886:4:200:0~1740506640:BV:408~,"2025-02-25 18:04:16"
53,getconfigrun,success,"2025-02-25 18:21:20"
53,speedreading,1740507660:W0:8521:140:200:0~1740507660:BV:454~,"2025-02-25 18:21:20"
644,getconfigrun,success,"2025-02-25 18:30:17"
644,speedreading,1740508200:W1:13403:0~1740508200:BV:792~,"2025-02-25 18:30:18"
117,getconfigrun,success,"2025-02-25 18:32:07"
117,speedreading,1740508320:W0:6912:0:200:0~1740508320:BV:601~,"2025-02-25 18:32:08"
644,getconfigrun,success,"2025-02-25 18:36:16"
644,speedreading,1740508560:W0:11946:3:200:0~1740508560:BV:792~,"2025-02-25 18:36:16"
878,speedreading,1740508822:BV:2633,"2025-02-25 18:40:23"
654,getconfigrun,success,"2025-02-25 18:46:05"
654,speedreading,1740509160:W1:5753:0~1740509160:BV:442~,"2025-02-25 18:46:06"
654,getconfigrun,success,"2025-02-25 18:50:05"
654,speedreading,1740509400:W0:5202:0:200:0~1740509400:BV:444~,"2025-02-25 18:50:05"
860,speedreading,1740509722:BV:2598,"2025-02-25 18:55:24"
878,speedreading,1740512423:BV:2625,"2025-02-25 19:40:24"
860,speedreading,1740513322:BV:2567,"2025-02-25 19:55:25"
647,getconfigrun,success,"2025-02-25 20:00:18"
647,speedreading,1740513600:W1:5827:0~1740513600:BV:441~,"2025-02-25 20:00:18"
647,getconfigrun,success,"2025-02-25 20:04:17"
647,speedreading,1740513840:W0:4910:0:201:0~1740513840:BV:441~,"2025-02-25 20:04:17"
875,speedreading,1740516069:BV:2620,"2025-02-25 20:41:13"
860,speedreading,1740516923:BV:2563,"2025-02-25 20:55:26"
872,speedreading,1740519622:BV:2601,"2025-02-25 21:40:24"
875,speedreading,1740519645:BV:2617,"2025-02-25 21:40:48"
860,speedreading,1740520522:BV:2561,"2025-02-25 21:55:26"
872,speedreading,1740523224:BV:26623,"2025-02-25 22:40:27"
878,speedreading,1740523223:BV:2621,"2025-02-25 22:40:27"
875,speedreading,1740523248:BV:2616,"2025-02-25 22:40:52"
860,speedreading,1740524121:BV:2561,"2025-02-25 22:55:25"
878,speedreading,1740526822:BV:2620,"2025-02-25 23:40:24"
872,speedreading,1740526823:BV:2601,"2025-02-25 23:40:26"
875,speedreading,1740526847:BV:2615,"2025-02-25 23:40:50"
860,speedreading,1740527724:BV:28671,"2025-02-25 23:55:26"
875,speedreading,1740530468:BV:2614,"2025-02-26 00:41:10"
860,speedreading,1740531323:BV:2559,"2025-02-26 00:55:26"
872,speedreading,1740534022:BV:2601,"2025-02-26 01:40:25"
875,speedreading,1740534047:BV:2613,"2025-02-26 01:40:49"
860,speedreading,1740534922:BV:2557,"2025-02-26 01:55:24"
875,speedreading,1740537667:BV:2612,"2025-02-26 02:41:11"
860,speedreading,1740538523:BV:2558,"2025-02-26 02:55:26"
872,speedreading,1740541223:BV:2600,"2025-02-26 03:40:26"
875,speedreading,1740541247:BV:2610,"2025-02-26 03:40:49"
860,speedreading,1740542123:BV:2557,"2025-02-26 03:55:25"
878,speedreading,1740544822:BV:2610,"2025-02-26 04:40:24"
872,speedreading,1740544824:BV:32767,"2025-02-26 04:40:26"
875,speedreading,1740544848:BV:2608,"2025-02-26 04:40:50"
860,speedreading,1740545722:BV:2557,"2025-02-26 04:55:25"
872,speedreading,1740548422:BV:2599,"2025-02-26 05:40:25"
878,speedreading,1740548423:BV:2606,"2025-02-26 05:40:26"
875,speedreading,1740548447:BV:2605,"2025-02-26 05:40:49"
860,speedreading,1740549323:BV:2557,"2025-02-26 05:55:25"
636,getconfigrun,success,"2025-02-26 06:30:09"
636,speedreading,1740551400:W1:15519:0~1740551400:BV:456~,"2025-02-26 06:30:10"
636,getconfigrun,success,"2025-02-26 06:34:02"
636,speedreading,1740551640:W0:7901:178:200:0~1740551640:BV:456~,"2025-02-26 06:34:02"
638,getconfigrun,success,"2025-02-26 06:40:24"
638,speedreading,1740552000:W1:11958:0~1740552000:BV:806~,"2025-02-26 06:40:24"
638,getconfigrun,success,"2025-02-26 06:44:20"
638,speedreading,1740552240:W0:7741:48:200:0~1740552240:BV:804~,"2025-02-26 06:44:20"
860,speedreading,1740552921:BV:2556,"2025-02-26 06:55:24"
650,getconfigrun,success,"2025-02-26 07:00:11"
650,speedreading,1740553200:W1:5869:0~1740553200:BV:819~,"2025-02-26 07:00:11"
50024,speedreading,"{"Datetime": [14, "02", "07", "WED", 26, 2, 2025], "Data": [{"ar": "0", "BOFR": "0", "VN": "B", "AOFR": "0", "A1": "LO", "NN": "A", "F1": "0", "F2": "0", "ACR": "B"}]}","2025-02-26 07:02:17"
64,getconfigrun,success,"2025-02-26 07:10:13"
64,speedreading,1740469200:E1:125882~1740469200:W0:125816:0:200:0~1740469200:BV:336~1740553800:W1:9091:0~1740553800:BV:337~,"2025-02-26 07:10:13"
50024,speedreading,"{"Datetime": [33, 21, "07", "WED", 26, 2, 2025], "Data": [{"ar": "0", "BCFR": "0", "VN": "B", "ACFR": "0", "A1": "LC", "NN": "A", "F1": "7", "F2": "0", "ACR": "b"}]}","2025-02-26 07:21:38"
113,getconfigrun,success,"2025-02-26 07:30:06"
113,speedreading,1740555000:W1:5648:2~1740555000:BV:447~,"2025-02-26 07:30:07"
650,getconfigrun,success,"2025-02-26 07:30:10"
650,speedreading,1740555000:W0:5030:0:200:0~1740555000:BV:820~,"2025-02-26 07:30:10"
50024,speedreading,"{"Datetime": [13, 32, "07", "WED", 26, 2, 2025], "Data": [{"ar": "0", "BOFR": "0", "VN": "C", "AOFR": "0", "A1": "LO", "NN": "A", "F1": "0", "F2": "0", "ACR": "C"}]}","2025-02-26 07:32:17"
101,getconfigrun,success,"2025-02-26 07:35:04"
101,speedreading,1740555300:W1:7275:0~1740555300:BV:427~,"2025-02-26 07:35:05"
113,getconfigrun,success,"2025-02-26 07:40:05"
113,speedreading,1740555600:W0:4810:59:200:0~1740555600:BV:448~,"2025-02-26 07:40:06"
64,getconfigrun,success,"2025-02-26 07:40:13"
64,speedreading,1740555600:W0:9431:0:200:0~1740555600:BV:339~,"2025-02-26 07:40:13"
101,getconfigrun,success,"2025-02-26 07:41:03"
101,speedreading,1740555660:W0:5736:297:200:0~1740555660:BV:427~,"2025-02-26 07:41:03"
651,getconfigrun,success,"2025-02-26 07:45:10"
651,speedreading,1740555900:W1:5881:0~1740555900:BV:834~,"2025-02-26 07:45:10"
50024,speedreading,"{"Datetime": [34, 51, "07", "WED", 26, 2, 2025], "Data": [{"ar": "0", "BCFR": "0", "VN": "C", "ACFR": "0", "A1": "LC", "NN": "A", "F1": "0", "F2": "0", "ACR": "c"}]}","2025-02-26 07:51:37"
860,speedreading,1740556522:BV:2567,"2025-02-26 07:55:25"
108,getconfigrun,success,"2025-02-26 08:00:07"
108,speedreading,1740556800:W1:7017:0~1740556800:BV:436~,"2025-02-26 08:00:07"
50024,speedreading,"{"Datetime": [14, "02", "08", "WED", 26, 2, 2025], "Data": [{"ar": "0", "BOFR": "0", "VN": "A", "AOFR": "0", "A1": "LO", "NN": "A", "F1": "0", "F2": "0", "ACR": "A"}]}","2025-02-26 08:02:18"
531,getconfigrun,success,"2025-02-26 08:07:43"
531,speedreading,1740555360:E1:19954~1740555360:W1:19895:0~1740555360:BV:393~1740557280:W0:13463:30:200:0~1740557280:BV:393~,"2025-02-26 08:07:44"
108,getconfigrun,success,"2025-02-26 08:10:06"
108,speedreading,1740557400:W0:5636:17:200:0~1740557400:BV:434~,"2025-02-26 08:10:06"
651,getconfigrun,success,"2025-02-26 08:15:09"
651,speedreading,1740557700:W0:4986:114:400:0~1740557700:BV:834~,"2025-02-26 08:15:09"
50024,speedreading,"{"Datetime": [33, 21, "08", "WED", 26, 2, 2025], "Data": [{"ar": "0", "BCFR": "0", "VN": "A", "ACFR": "0", "A1": "LC", "NN": "A", "F1": "54", "F2": "0", "ACR": "a"}]}","2025-02-26 08:21:37"
652,getconfigrun,success,"2025-02-26 08:30:02"
652,speedreading,1740558600:W1:5819:0~1740558600:BV:816~,"2025-02-26 08:30:02"
106,getconfigrun,success,"2025-02-26 08:30:05"
106,speedreading,1740558600:W1:7400:0~1740558600:BV:449~,"2025-02-26 08:30:06"
50024,speedreading,"{"Datetime": [14, 32, "08", "WED", 26, 2, 2025], "Data": [{"ar": "0", "BOFR": "0", "VN": "D", "AOFR": "0", "A1": "LO", "NN": "A", "F1": "0", "F2": "0", "ACR": "D"}]}","2025-02-26 08:32:18"
106,getconfigrun,success,"2025-02-26 08:36:03"
106,speedreading,1740558960:W0:4845:183:200:0~1740558960:BV:448~,"2025-02-26 08:36:03"
878,speedreading,1740559223:BV:2695,"2025-02-26 08:40:25"
872,speedreading,1740559224:BV:32767,"2025-02-26 08:40:27"
875,speedreading,1740559249:BV:2604,"2025-02-26 08:40:50"
652,getconfigrun,success,"2025-02-26 08:50:02"
652,speedreading,1740559800:W0:5554:43:400:0~1740559800:BV:818~,"2025-02-26 08:50:02"
50024,speedreading,"{"Datetime": [34, 51, "08", "WED", 26, 2, 2025], "Data": [{"ar": "0", "BCFR": "0", "VN": "D", "ACFR": "0", "A1": "LC", "NN": "A", "F1": "29", "F2": "0", "ACR": "d"}]}","2025-02-26 08:51:38"
860,speedreading,1740560121:BV:2572,"2025-02-26 08:55:26"
656,getconfigrun,success,"2025-02-26 09:21:10"
656,speedreading,1740476460:E2:16203~1740476460:W0:16141:139:200:0~1740476460:BV:415~1740561660:W1:11262:0~1740561660:BV:413~,"2025-02-26 09:21:10"
612,getconfigrun,success,"2025-02-26 09:34:09"
612,speedreading,1740562440:W1:6491:0~1740562440:BV:532~,"2025-02-26 09:34:10"
612,getconfigrun,success,"2025-02-26 09:40:08"
612,speedreading,1740562800:W0:5051:89:200:0~1740562800:BV:533~,"2025-02-26 09:40:08"
878,speedreading,1740562823:BV:3300,"2025-02-26 09:40:24"
875,speedreading,1740562868:BV:2669,"2025-02-26 09:41:10"
860,speedreading,1740563723:BV:2594,"2025-02-26 09:55:26"
609,getconfigrun,success,"2025-02-26 10:05:22"
609,speedreading,1740564300:W1:5668:0~1740564300:BV:529~,"2025-02-26 10:05:22"
609,getconfigrun,success,"2025-02-26 10:27:21"
609,speedreading,1740565620:W0:4885:9:200:0~1740565620:BV:530~,"2025-02-26 10:27:21"
860,speedreading,1740567323:BV:2619,"2025-02-26 10:55:25"
539,getconfigrun,success,"2025-02-26 11:00:14"
539,speedreading,1740567600:W1:5653:0~1740567600:BV:448~,"2025-02-26 11:00:14"
539,getconfigrun,success,"2025-02-26 11:25:13"
539,speedreading,1740569100:W0:5002:0:200:0~1740569100:BV:426~,"2025-02-26 11:25:13"
878,speedreading,1740570023:BV:3300,"2025-02-26 11:40:24"
860,speedreading,1740570922:BV:3300,"2025-02-26 11:55:24"
610,getconfigrun,success,"2025-02-26 12:03:26"
610,speedreading,1740571380:W1:13412:0~1740571380:BV:523~,"2025-02-26 12:03:26"
610,getconfigrun,success,"2025-02-26 12:07:18"
610,speedreading,1740571620:W0:4963:0:200:0~1740571620:BV:524~,"2025-02-26 12:07:18"
875,speedreading,1740573668:BV:3300,"2025-02-26 12:41:11"
860,speedreading,1740574523:BV:3300,"2025-02-26 12:55:24"
872,speedreading,1740577223:BV:3219,"2025-02-26 13:40:28"
875,speedreading,1740577249:BV:3300,"2025-02-26 13:40:52"
860,speedreading,1740578122:BV:3300,"2025-02-26 13:55:25"
878,speedreading,1740580823:BV:2637,"2025-02-26 14:40:24"
872,speedreading,1740580823:BV:28671,"2025-02-26 14:40:26"
875,speedreading,1740580847:BV:3300,"2025-02-26 14:40:50"
860,speedreading,1740581723:BV:3300,"2025-02-26 14:55:25"
543,getconfigrun,success,"2025-02-26 15:00:11"
543,speedreading,1740582000:W1:5780:0~1740582000:BV:509~,"2025-02-26 15:00:11"
878,speedreading,1740584423:BV:2658,"2025-02-26 15:40:25"
860,speedreading,1740585323:BV:3300,"2025-02-26 15:55:25"
613,getconfigrun,success,"2025-02-26 16:00:12"
613,speedreading,1740585600:W1:7019:0~1740585600:BV:820~,"2025-02-26 16:00:13"
528,getconfigrun,success,"2025-02-26 16:00:19"
528,speedreading,1740585600:W1:8635:0~1740585600:BV:428~,"2025-02-26 16:00:19"
528,getconfigrun,success,"2025-02-26 16:04:15"
528,speedreading,1740585840:W0:4897:14:201:0~1740585840:BV:429~,"2025-02-26 16:04:16"
655,getconfigrun,success,"2025-02-26 16:08:11"
655,speedreading,1740586080:W1:6622:0~1740586080:BV:428~,"2025-02-26 16:08:11"
625,getconfigrun,success,"2025-02-26 16:10:08"
625,speedreading,1740586200:W1:8575:0~1740586200:BV:406~,"2025-02-26 16:10:08"
625,getconfigrun,success,"2025-02-26 16:14:04"
625,speedreading,1740586440:W0:4835:33:200:0~1740586440:BV:409~,"2025-02-26 16:14:05"
543,getconfigrun,success,"2025-02-26 16:16:10"
543,speedreading,1740586560:W0:4906:0:200:0~1740586560:BV:513~,"2025-02-26 16:16:10"
613,getconfigrun,success,"2025-02-26 16:20:11"
613,speedreading,1740586800:W0:6037:407:1001:0~1740586800:BV:824~,"2025-02-26 16:20:13"
872,speedreading,1740588023:BV:2661,"2025-02-26 16:40:25"
875,speedreading,1740588046:BV:2864,"2025-02-26 16:40:50"
860,speedreading,1740588923:BV:3300,"2025-02-26 16:55:25"
109,getconfigrun,success,"2025-02-26 17:00:07"
109,speedreading,1740589200:W1:6710:0~1740589200:BV:854~,"2025-02-26 17:00:07"
655,getconfigrun,success,"2025-02-26 17:12:09"
655,speedreading,1740589920:W0:5037:145:200:0~1740589920:BV:427~,"2025-02-26 17:12:09"
53,getconfigrun,success,"2025-02-26 17:18:17"
53,speedreading,1740590280:W1:5762:0~1740590280:BV:453~,"2025-02-26 17:18:18"
872,speedreading,1740591622:BV:2637,"2025-02-26 17:40:25"
875,speedreading,1740591647:BV:2710,"2025-02-26 17:40:49"
860,speedreading,1740592523:BV:2681,"2025-02-26 17:55:26"
524,getconfigrun,success,"2025-02-26 18:00:14"
524,speedreading,1740592800:W1:6194:0~1740592800:BV:408~,"2025-02-26 18:00:14"
109,getconfigrun,success,"2025-02-26 18:01:05"
109,speedreading,1740592860:W0:4988:66:200:0~1740592860:BV:852~,"2025-02-26 18:01:05"
117,getconfigrun,success,"2025-02-26 18:01:06"
117,speedreading,1740592860:W1:5871:111~1740592860:BV:600~,"2025-02-26 18:01:07"
524,getconfigrun,success,"2025-02-26 18:04:16"
524,speedreading,1740593040:W0:8406:6:200:0~1740593040:BV:409~,"2025-02-26 18:04:17"
53,getconfigrun,success,"2025-02-26 18:21:19"
53,speedreading,1740594060:W0:7500:140:200:0~1740594060:BV:454~,"2025-02-26 18:21:19"
644,getconfigrun,success,"2025-02-26 18:30:17"
644,speedreading,1740594600:W1:13470:0~1740594600:BV:794~,"2025-02-26 18:30:18"
644,getconfigrun,success,"2025-02-26 18:36:16"
644,speedreading,1740594960:W0:11935:3:200:0~1740594960:BV:792~,"2025-02-26 18:36:16"
878,speedreading,1740595222:BV:2632,"2025-02-26 18:40:24"
654,getconfigrun,success,"2025-02-26 18:46:05"
654,speedreading,1740595560:W1:5944:0~1740595560:BV:442~,"2025-02-26 18:46:06"
654,getconfigrun,success,"2025-02-26 18:50:04"
654,speedreading,1740595800:W0:4981:0:200:0~1740595800:BV:444~,"2025-02-26 18:50:05"
860,speedreading,1740596123:BV:2592,"2025-02-26 18:55:25"
878,speedreading,1740598823:BV:2625,"2025-02-26 19:40:25"
860,speedreading,1740599722:BV:2557,"2025-02-26 19:55:24"
647,getconfigrun,success,"2025-02-26 20:00:18"
647,speedreading,1740600000:W1:5776:0~1740600000:BV:441~,"2025-02-26 20:00:18"
647,getconfigrun,success,"2025-02-26 20:04:17"
647,speedreading,1740600240:W0:5024:0:201:0~1740600240:BV:441~,"2025-02-26 20:04:17"
875,speedreading,1740602469:BV:2619,"2025-02-26 20:41:13"
860,speedreading,1740603322:BV:2549,"2025-02-26 20:55:24"
872,speedreading,1740606022:BV:2601,"2025-02-26 21:40:25"
875,speedreading,1740606046:BV:2617,"2025-02-26 21:40:48"
860,speedreading,1740606922:BV:2547,"2025-02-26 21:55:25"
872,speedreading,1740609623:BV:26623,"2025-02-26 22:40:25"
878,speedreading,1740609623:BV:2622,"2025-02-26 22:40:27"
875,speedreading,1740609646:BV:2616,"2025-02-26 22:40:50"
860,speedreading,1740610521:BV:2547,"2025-02-26 22:55:25"
872,speedreading,1740613222:BV:2602,"2025-02-26 23:40:25"
878,speedreading,1740613223:BV:2620,"2025-02-26 23:40:25"
875,speedreading,1740613247:BV:2615,"2025-02-26 23:40:49"
860,speedreading,1740614124:BV:28671,"2025-02-26 23:55:26"
878,speedreading,1740616823:BV:2619,"2025-02-27 00:40:26"
860,speedreading,1740617723:BV:2547,"2025-02-27 00:55:26"
878,speedreading,1740620422:BV:2618,"2025-02-27 01:40:25"
860,speedreading,1740621322:BV:2548,"2025-02-27 01:55:27"
875,speedreading,1740624067:BV:2612,"2025-02-27 02:41:11"
872,speedreading,1740627622:BV:2600,"2025-02-27 03:40:25"
875,speedreading,1740627646:BV:2611,"2025-02-27 03:40:49"
860,speedreading,1740628522:BV:2548,"2025-02-27 03:55:25"
878,speedreading,1740631222:BV:2610,"2025-02-27 04:40:24"
860,speedreading,1740632122:BV:2547,"2025-02-27 04:55:25"
878,speedreading,1740634822:BV:2603,"2025-02-27 05:40:24"
860,speedreading,1740635723:BV:2543,"2025-02-27 05:55:26"
636,getconfigrun,success,"2025-02-27 06:30:06"
636,speedreading,1740637800:W1:11600:0~1740637800:BV:454~,"2025-02-27 06:30:06"
636,getconfigrun,success,"2025-02-27 06:34:03"
636,speedreading,1740638040:W0:9153:1:201:0~1740638040:BV:454~,"2025-02-27 06:34:04"
638,getconfigrun,success,"2025-02-27 06:40:24"
638,speedreading,1740638400:W1:11640:0~1740638400:BV:801~,"2025-02-27 06:40:24"
638,getconfigrun,success,"2025-02-27 06:44:20"
638,speedreading,1740638640:W0:7628:1:200:0~1740638640:BV:804~,"2025-02-27 06:44:20"
860,speedreading,1740639323:BV:2548,"2025-02-27 06:55:26"
650,getconfigrun,success,"2025-02-27 07:00:11"
650,speedreading,1740639600:W1:6019:0~1740639600:BV:820~,"2025-02-27 07:00:11"
50024,speedreading,"{"Datetime": [13, "02", "07", "THU", 27, 2, 2025], "Data": [{"ar": "0", "BOFR": "0", "VN": "B", "AOFR": "0", "A1": "LO", "NN": "A", "F1": "0", "F2": "0", "ACR": "B"}]}","2025-02-27 07:02:17"
64,getconfigrun,success,"2025-02-27 07:10:23"
64,speedreading,1740640200:W1:19478:0~1740640200:BV:339~,"2025-02-27 07:10:24"
50024,speedreading,"{"Datetime": [34, 21, "07", "THU", 27, 2, 2025], "Data": [{"ar": "0", "BCFR": "0", "VN": "B", "ACFR": "0", "A1": "LC", "NN": "A", "F1": "203", "F2": "0", "ACR": "b"}]}","2025-02-27 07:21:37"
650,getconfigrun,success,"2025-02-27 07:30:10"
650,speedreading,1740641400:W0:5053:0:201:0~1740641400:BV:818~,"2025-02-27 07:30:10"
113,getconfigrun,success,"2025-02-27 07:30:27"
113,speedreading,1740641400:W1:25756:4~1740641400:BV:451~,"2025-02-27 07:30:27"
50024,speedreading,"{"Datetime": [14, 32, "07", "THU", 27, 2, 2025], "Data": [{"ar": "0", "BOFR": "0", "VN": "C", "AOFR": "0", "A1": "LO", "NN": "A", "F1": "0", "F2": "0", "ACR": "C"}]}","2025-02-27 07:32:17"
101,getconfigrun,success,"2025-02-27 07:35:03"
101,speedreading,1740641700:W1:6347:0~1740641700:BV:426~,"2025-02-27 07:35:04"
531,getconfigrun,success,"2025-02-27 07:35:56"
531,speedreading,1740641760:W1:26109:0~1740641760:BV:393~,"2025-02-27 07:35:56"
113,getconfigrun,success,"2025-02-27 07:40:30"
113,speedreading,1740642000:W0:29541:57:200:0~1740642000:BV:450~,"2025-02-27 07:40:31"
101,getconfigrun,success,"2025-02-27 07:41:02"
101,speedreading,1740642060:W0:4705:264:200:0~1740642060:BV:428~,"2025-02-27 07:41:02"
651,getconfigrun,success,"2025-02-27 07:45:10"
651,speedreading,1740642300:W1:5705:141~1740642300:BV:834~,"2025-02-27 07:45:10"
50024,speedreading,"{"Datetime": [34, 51, "07", "THU", 27, 2, 2025], "Data": [{"ar": "0", "BCFR": "0", "VN": "C", "ACFR": "0", "A1": "LC", "NN": "A", "F1": "139", "F2": "0", "ACR": "c"}]}","2025-02-27 07:51:38"
860,speedreading,1740642923:BV:2569,"2025-02-27 07:55:26"
108,getconfigrun,success,"2025-02-27 08:00:09"
108,speedreading,1740643200:W1:9041:0~1740643200:BV:437~,"2025-02-27 08:00:09"
50024,speedreading,"{"Datetime": [14, "02", "08", "THU", 27, 2, 2025], "Data": [{"ar": "0", "BOFR": "0", "VN": "A", "AOFR": "0", "A1": "LO", "NN": "A", "F1": "26623", "F2": "0", "ACR": "A"}]}","2025-02-27 08:02:18"
531,getconfigrun,success,"2025-02-27 08:07:47"
531,speedreading,1740643680:TD:31~1740643680:W0:17909:28:200:0~1740643680:BV:396~,"2025-02-27 08:07:48"
531,getconfigrun,success,"2025-02-27 08:08:18"
531,speedreading,1740643680:W0:17663:0:200:0~1740643680:BV:394~,"2025-02-27 08:08:18"
108,getconfigrun,success,"2025-02-27 08:10:06"
108,speedreading,1740643800:W0:5541:16:200:0~1740643800:BV:436~,"2025-02-27 08:10:06"
651,getconfigrun,success,"2025-02-27 08:15:09"
651,speedreading,1740644100:W0:4913:111:601:0~1740644100:BV:833~,"2025-02-27 08:15:09"
50024,speedreading,"{"Datetime": [34, 21, "08", "THU", 27, 2, 2025], "Data": [{"ar": "0", "BCFR": "0", "VN": "A", "ACFR": "0", "A1": "LC", "NN": "A", "F1": "149", "F2": "0", "ACR": "a"}]}","2025-02-27 08:21:38"
652,getconfigrun,success,"2025-02-27 08:30:02"
652,speedreading,1740645000:W1:6297:5~1740645000:BV:818~,"2025-02-27 08:30:02"
106,getconfigrun,success,"2025-02-27 08:30:05"
106,speedreading,1740645000:W1:7448:0~1740645000:BV:449~,"2025-02-27 08:30:06"
50024,speedreading,"{"Datetime": [14, 32, "08", "THU", 27, 2, 2025], "Data": [{"ar": "0", "BOFR": "0", "VN": "D", "AOFR": "0", "A1": "LO", "NN": "A", "F1": "0", "F2": "0", "ACR": "D"}]}","2025-02-27 08:32:18"
106,getconfigrun,success,"2025-02-27 08:36:03"
106,speedreading,1740645360:W0:4838:178:201:0~1740645360:BV:448~,"2025-02-27 08:36:03"
878,speedreading,1740645622:BV:2690,"2025-02-27 08:40:24"
875,speedreading,1740645669:BV:0,"2025-02-27 08:41:13"
652,getconfigrun,success,"2025-02-27 08:50:01"
652,speedreading,1740646200:W0:5264:43:400:0~1740646200:BV:817~,"2025-02-27 08:50:02"
50024,speedreading,"{"Datetime": [34, 51, "08", "THU", 27, 2, 2025], "Data": [{"ar": "0", "BCFR": "0", "VN": "D", "ACFR": "0", "A1": "LC", "NN": "A", "F1": "168", "F2": "0", "ACR": "d"}]}","2025-02-27 08:51:37"
860,speedreading,1740646521:BV:2576,"2025-02-27 08:55:25"
612,getconfigrun,success,"2025-02-27 09:34:11"
612,speedreading,1740648840:W1:8187:0~1740648840:BV:522~,"2025-02-27 09:34:12"
612,getconfigrun,success,"2025-02-27 09:40:10"
612,speedreading,1740649200:W0:7066:89:200:0~1740649200:BV:533~,"2025-02-27 09:40:11"
878,speedreading,1740649223:BV:3300,"2025-02-27 09:40:27"
875,speedreading,1740649268:BV:2666,"2025-02-27 09:41:11"
860,speedreading,1740650122:BV:2599,"2025-02-27 09:55:25"
609,getconfigrun,success,"2025-02-27 10:05:22"
609,speedreading,1740650700:W1:5771:0~1740650700:BV:528~,"2025-02-27 10:05:22"
609,getconfigrun,success,"2025-02-27 10:27:21"
609,speedreading,1740652020:W0:4947:9:201:0~1740652020:BV:530~,"2025-02-27 10:27:21"
878,speedreading,1740652822:BV:3300,"2025-02-27 10:40:25"
875,speedreading,1740652868:BV:3300,"2025-02-27 10:41:10"
860,speedreading,1740653722:BV:2624,"2025-02-27 10:55:30"
539,getconfigrun,success,"2025-02-27 11:00:14"
539,speedreading,1740654000:W1:5596:0~1740654000:BV:480~,"2025-02-27 11:00:14"
539,getconfigrun,success,"2025-02-27 11:25:13"
539,speedreading,1740655500:W0:4973:0:200:0~1740655500:BV:452~,"2025-02-27 11:25:13"
872,speedreading,1740656422:BV:2631,"2025-02-27 11:40:25"
878,speedreading,1740656423:BV:3300,"2025-02-27 11:40:27"
875,speedreading,1740656446:BV:3300,"2025-02-27 11:40:49"
860,speedreading,1740657322:BV:3300,"2025-02-27 11:55:25"
610,getconfigrun,success,"2025-02-27 12:03:26"
610,speedreading,1740657780:W1:13372:0~1740657780:BV:523~,"2025-02-27 12:03:26"
610,getconfigrun,success,"2025-02-27 12:07:18"
610,speedreading,1740658020:W0:4817:0:200:0~1740658020:BV:524~,"2025-02-27 12:07:18"
878,speedreading,1740660023:BV:2650,"2025-02-27 12:40:25"
872,speedreading,1740660022:BV:2674,"2025-02-27 12:40:25"
875,speedreading,1740660046:BV:3300,"2025-02-27 12:40:50"
860,speedreading,1740660922:BV:3300,"2025-02-27 12:55:27"
878,speedreading,1740663623:BV:2659,"2025-02-27 13:40:26"
875,speedreading,1740663667:BV:3300,"2025-02-27 13:41:10"
860,speedreading,1740664522:BV:3300,"2025-02-27 13:55:26"
872,speedreading,1740667223:BV:99,"2025-02-27 14:40:26"
860,speedreading,1740668123:BV:3300,"2025-02-27 14:55:25"
543,getconfigrun,success,"2025-02-27 15:00:11"
543,speedreading,1740668400:W1:5766:0~1740668400:BV:512~,"2025-02-27 15:00:11"
872,speedreading,1740670822:BV:2747,"2025-02-27 15:40:25"
875,speedreading,1740670846:BV:3300,"2025-02-27 15:40:48"
860,speedreading,1740671721:BV:3300,"2025-02-27 15:55:24"
613,getconfigrun,success,"2025-02-27 16:00:13"
613,speedreading,1740672000:W1:7402:0~1740672000:BV:822~,"2025-02-27 16:00:13"
528,getconfigrun,success,"2025-02-27 16:00:19"
528,speedreading,1740672000:W1:8576:0~1740672000:BV:427~,"2025-02-27 16:00:19"
528,getconfigrun,success,"2025-02-27 16:04:15"
528,speedreading,1740672240:W0:4859:36:200:0~1740672240:BV:429~,"2025-02-27 16:04:16"
655,getconfigrun,success,"2025-02-27 16:08:11"
655,speedreading,1740672480:W1:6561:6~1740672480:BV:426~,"2025-02-27 16:08:11"
625,getconfigrun,success,"2025-02-27 16:10:08"
625,speedreading,1740672600:W1:8622:0~1740672600:BV:408~,"2025-02-27 16:10:08"
625,getconfigrun,success,"2025-02-27 16:14:04"
625,speedreading,1740672840:W0:4831:0:200:0~1740672840:BV:409~,"2025-02-27 16:14:05"
543,getconfigrun,success,"2025-02-27 16:16:10"
543,speedreading,1740672960:W0:4984:0:200:0~1740672960:BV:519~,"2025-02-27 16:16:10"
613,getconfigrun,success,"2025-02-27 16:20:12"
613,speedreading,1740673200:W0:6352:4:200:0~1740673200:BV:830~,"2025-02-27 16:20:12"
872,speedreading,1740674422:BV:99,"2025-02-27 16:40:24"
878,speedreading,1740674422:BV:2655,"2025-02-27 16:40:25"
860,speedreading,1740675322:BV:3300,"2025-02-27 16:55:24"
109,getconfigrun,success,"2025-02-27 17:00:07"
109,speedreading,1740675600:W1:6581:0~1740675600:BV:853~,"2025-02-27 17:00:07"
655,getconfigrun,success,"2025-02-27 17:12:09"
655,speedreading,1740676320:W0:5042:152:200:0~1740676320:BV:427~,"2025-02-27 17:12:10"
53,getconfigrun,success,"2025-02-27 17:18:17"
53,speedreading,1740676680:W1:5516:0~1740676680:BV:454~,"2025-02-27 17:18:18"
878,speedreading,1740678022:BV:2654,"2025-02-27 17:40:24"
872,speedreading,1740678023:BV:65535,"2025-02-27 17:40:26"
875,speedreading,1740678047:BV:2725,"2025-02-27 17:40:50"
860,speedreading,1740678922:BV:2692,"2025-02-27 17:55:25"
524,getconfigrun,success,"2025-02-27 18:00:14"
524,speedreading,1740679200:W1:6080:0~1740679200:BV:408~,"2025-02-27 18:00:14"
109,getconfigrun,success,"2025-02-27 18:01:05"
109,speedreading,1740679260:W0:4944:83:200:0~1740679260:BV:850~,"2025-02-27 18:01:06"
117,getconfigrun,success,"2025-02-27 18:01:06"
117,speedreading,1740594720:E2:17207~1740594720:W0:17150:0:200:0~1740594720:BV:601~1740679260:W1:5970:0~1740679260:BV:601~,"2025-02-27 18:01:07"
524,getconfigrun,success,"2025-02-27 18:04:16"
524,speedreading,1740679440:W0:7923:6:201:0~1740679440:BV:409~,"2025-02-27 18:04:16"
53,getconfigrun,success,"2025-02-27 18:21:19"
53,speedreading,1740680460:W0:7498:141:200:0~1740680460:BV:454~,"2025-02-27 18:21:20"
644,getconfigrun,success,"2025-02-27 18:30:11"
644,speedreading,1740681000:W1:7016:0~1740681000:BV:796~,"2025-02-27 18:30:11"
117,getconfigrun,success,"2025-02-27 18:32:07"
117,speedreading,1740681120:W0:6142:0:200:0~1740681120:BV:600~,"2025-02-27 18:32:07"
644,getconfigrun,success,"2025-02-27 18:36:16"
644,speedreading,1740681360:W0:12071:4:200:0~1740681360:BV:790~,"2025-02-27 18:36:16"
654,getconfigrun,success,"2025-02-27 18:46:05"
654,speedreading,1740681960:W1:5969:0~1740681960:BV:442~,"2025-02-27 18:46:06"
654,getconfigrun,success,"2025-02-27 18:50:05"
654,speedreading,1740682200:W0:5080:86:200:0~1740682200:BV:444~,"2025-02-27 18:50:05"
860,speedreading,1740682521:BV:2598,"2025-02-27 18:55:24"
860,speedreading,1740686122:BV:2568,"2025-02-27 19:55:27"
647,getconfigrun,success,"2025-02-27 20:00:18"
647,speedreading,1740686400:W1:5818:0~1740686400:BV:441~,"2025-02-27 20:00:18"
647,getconfigrun,success,"2025-02-27 20:04:17"
647,speedreading,1740686640:W0:4997:27:200:0~1740686640:BV:442~,"2025-02-27 20:04:17"
872,speedreading,1740688823:BV:28671,"2025-02-27 20:40:27"
875,speedreading,1740688848:BV:2620,"2025-02-27 20:40:50"
860,speedreading,1740689721:BV:2559,"2025-02-27 20:55:25"
860,speedreading,1740693321:BV:2558,"2025-02-27 21:55:25"
878,speedreading,1740696022:BV:2622,"2025-02-27 22:40:24"
872,speedreading,1740696022:BV:2601,"2025-02-27 22:40:24"
875,speedreading,1740696046:BV:2617,"2025-02-27 22:40:47"
860,speedreading,1740696922:BV:2558,"2025-02-27 22:55:26"
872,speedreading,1740699622:BV:2601,"2025-02-27 23:40:24"
878,speedreading,1740699623:BV:2621,"2025-02-27 23:40:25"
875,speedreading,1740699646:BV:2617,"2025-02-27 23:40:47"
860,speedreading,1740700523:BV:26623,"2025-02-27 23:55:25"
860,speedreading,1740704124:BV:26623,"2025-02-28 00:55:26"
872,speedreading,1740706823:BV:2602,"2025-02-28 01:40:27"
875,speedreading,1740706848:BV:2614,"2025-02-28 01:40:51"
860,speedreading,1740707723:BV:2556,"2025-02-28 01:55:26"
878,speedreading,1740710423:BV:2617,"2025-02-28 02:40:26"
860,speedreading,1740711323:BV:2555,"2025-02-28 02:55:27"
878,speedreading,1740714022:BV:2614,"2025-02-28 03:40:25"
860,speedreading,1740714923:BV:2555,"2025-02-28 03:55:26"
878,speedreading,1740717623:BV:2610,"2025-02-28 04:40:26"
875,speedreading,1740717668:BV:2607,"2025-02-28 04:41:11"
860,speedreading,1740718522:BV:2552,"2025-02-28 04:55:24"
872,speedreading,1740721223:BV:2599,"2025-02-28 05:40:25"
878,speedreading,1740721223:BV:2605,"2025-02-28 05:40:26"
875,speedreading,1740721247:BV:2603,"2025-02-28 05:40:49"
860,speedreading,1740722123:BV:2552,"2025-02-28 05:55:25"
636,getconfigrun,success,"2025-02-28 06:30:10"
636,speedreading,1740724200:W1:16175:0~1740724200:BV:454~,"2025-02-28 06:30:11"
636,getconfigrun,success,"2025-02-28 06:34:03"
636,speedreading,1740724440:W0:9144:179:200:0~1740724440:BV:456~,"2025-02-28 06:34:04"
638,getconfigrun,success,"2025-02-28 06:40:24"
638,speedreading,1740724800:W1:11649:0~1740724800:BV:805~,"2025-02-28 06:40:24"
638,getconfigrun,success,"2025-02-28 06:44:19"
638,speedreading,1740725040:W0:7370:49:200:0~1740725040:BV:801~,"2025-02-28 06:44:20"
860,speedreading,1740725723:BV:2545,"2025-02-28 06:55:26"
50024,speedreading,"{"Datetime": [14, "02", "07", "FRI", 28, 2, 2025], "Data": [{"ar": "0", "BOFR": "0", "VN": "B", "AOFR": "0", "A1": "LO", "NN": "A", "F1": "0", "F2": "0", "ACR": "B"}]}","2025-02-28 07:02:17"
64,getconfigrun,success,"2025-02-28 07:10:10"
64,speedreading,1740642000:E1:125774~1740642000:W0:125712:0:200:0~1740642000:BV:333~1740726600:W1:6090:0~1740726600:BV:336~,"2025-02-28 07:10:11"
50024,speedreading,"{"Datetime": [33, 21, "07", "FRI", 28, 2, 2025], "Data": [{"ar": "0", "BCFR": "0", "VN": "B", "ACFR": "0", "A1": "LC", "NN": "A", "F1": "291", "F2": "0", "ACR": "b"}]}","2025-02-28 07:21:38"
113,getconfigrun,success,"2025-02-28 07:30:07"
113,speedreading,1740727800:W1:5993:0~1740727800:BV:448~,"2025-02-28 07:30:07"
650,getconfigrun,success,"2025-02-28 07:30:10"
650,speedreading,1740726000:W1:10949:0~1740726000:BV:819~1740727800:W0:4831:0:200:0~1740727800:BV:819~,"2025-02-28 07:30:10"
50024,speedreading,"{"Datetime": [14, 32, "07", "FRI", 28, 2, 2025], "Data": [{"ar": "0", "BOFR": "0", "VN": "C", "AOFR": "0", "A1": "LO", "NN": "A", "F1": "0", "F2": "0", "ACR": "C"}]}","2025-02-28 07:32:18"
101,getconfigrun,success,"2025-02-28 07:35:05"
101,speedreading,1740728100:W1:8271:0~1740728100:BV:427~,"2025-02-28 07:35:05"
531,getconfigrun,success,"2025-02-28 07:36:13"
531,speedreading,1740728160:W1:12692:0~1740728160:BV:393~,"2025-02-28 07:36:13"
64,getconfigrun,success,"2025-02-28 07:40:14"
64,speedreading,1740728400:W0:9214:0:200:0~1740728400:BV:338~,"2025-02-28 07:40:14"
113,getconfigrun,success,"2025-02-28 07:40:15"
113,speedreading,1740728400:W0:14703:66:200:0~1740728400:BV:449~,"2025-02-28 07:40:16"
101,getconfigrun,success,"2025-02-28 07:41:02"
101,speedreading,1740728460:W0:4725:276:200:0~1740728460:BV:427~,"2025-02-28 07:41:02"
651,getconfigrun,success,"2025-02-28 07:45:10"
651,speedreading,1740728700:W1:5948:0~1740728700:BV:834~,"2025-02-28 07:45:10"
50024,speedreading,"{"Datetime": [33, 51, "07", "FRI", 28, 2, 2025], "Data": [{"ar": "0", "BCFR": "0", "VN": "C", "ACFR": "0", "A1": "LC", "NN": "A", "F1": "174", "F2": "0", "ACR": "c"}]}","2025-02-28 07:51:35"
860,speedreading,1740729322:BV:2567,"2025-02-28 07:55:24"
108,getconfigrun,success,"2025-02-28 08:00:11"
108,speedreading,1740729600:W1:11010:0~1740729600:BV:437~,"2025-02-28 08:00:12"
50024,speedreading,"{"Datetime": [14, "02", "08", "FRI", 28, 2, 2025], "Data": [{"ar": "0", "BOFR": "0", "VN": "A", "AOFR": "0", "A1": "LO", "NN": "A", "F1": "0", "F2": "0", "ACR": "A"}]}","2025-02-28 08:02:17"
531,getconfigrun,success,"2025-02-28 08:08:14"
531,speedreading,1740730080:W0:13338:28:200:0~1740730080:BV:393~,"2025-02-28 08:08:14"
108,getconfigrun,success,"2025-02-28 08:10:06"
108,speedreading,1740730200:W0:5534:17:200:0~1740730200:BV:436~,"2025-02-28 08:10:06"
651,getconfigrun,success,"2025-02-28 08:15:11"
651,speedreading,1740730500:W0:7358:121:200:0~1740730500:BV:833~,"2025-02-28 08:15:12"
50024,speedreading,"{"Datetime": [34, 21, "08", "FRI", 28, 2, 2025], "Data": [{"ar": "0", "BCFR": "0", "VN": "A", "ACFR": "0", "A1": "LC", "NN": "A", "F1": "171", "F2": "0", "ACR": "a"}]}","2025-02-28 08:21:37"
652,getconfigrun,success,"2025-02-28 08:30:02"
652,speedreading,1740731400:W1:6175:0~1740731400:BV:814~,"2025-02-28 08:30:02"
106,getconfigrun,success,"2025-02-28 08:30:04"
106,speedreading,1740731400:W1:6443:0~1740731400:BV:449~,"2025-02-28 08:30:05"
50024,speedreading,"{"Datetime": [13, 32, "08", "FRI", 28, 2, 2025], "Data": [{"ar": "0", "BOFR": "0", "VN": "D", "AOFR": "0", "A1": "LO", "NN": "A", "F1": "0", "F2": "0", "ACR": "D"}]}","2025-02-28 08:32:16"
106,getconfigrun,success,"2025-02-28 08:36:04"
106,speedreading,1740731760:W0:5838:177:200:0~1740731760:BV:448~,"2025-02-28 08:36:04"
878,speedreading,1740732023:BV:2671,"2025-02-28 08:40:26"
872,speedreading,1740732024:BV:65535,"2025-02-28 08:40:26"
875,speedreading,1740732048:BV:2633,"2025-02-28 08:40:52"
652,getconfigrun,success,"2025-02-28 08:50:01"
652,speedreading,1740732600:W0:5156:47:200:0~1740732600:BV:805~,"2025-02-28 08:50:01"
50024,speedreading,"{"Datetime": [34, 51, "08", "FRI", 28, 2, 2025], "Data": [{"ar": "0", "BCFR": "0", "VN": "D", "ACFR": "0", "A1": "LC", "NN": "A", "F1": "168", "F2": "0", "ACR": "d"}]}","2025-02-28 08:51:37"
860,speedreading,1740732922:BV:2572,"2025-02-28 08:55:24"
612,getconfigrun,success,"2025-02-28 09:34:12"
612,speedreading,1740735240:W1:8480:0~1740735240:BV:533~,"2025-02-28 09:34:12"
612,getconfigrun,success,"2025-02-28 09:40:10"
612,speedreading,1740735600:W0:6378:92:200:0~1740735600:BV:533~,"2025-02-28 09:40:10"
878,speedreading,1740735622:BV:3300,"2025-02-28 09:40:24"
872,speedreading,1740735623:BV:2613,"2025-02-28 09:40:26"
875,speedreading,1740735647:BV:2668,"2025-02-28 09:40:49"
860,speedreading,1740736522:BV:2599,"2025-02-28 09:55:24"
609,getconfigrun,success,"2025-02-28 10:05:22"
609,speedreading,1740737100:W1:5705:0~1740737100:BV:526~,"2025-02-28 10:05:22"
609,getconfigrun,success,"2025-02-28 10:27:21"
609,speedreading,1740738420:W0:5006:8:201:0~1740738420:BV:530~,"2025-02-28 10:27:21"
878,speedreading,1740739222:BV:3300,"2025-02-28 10:40:24"
860,speedreading,1740740123:BV:2629,"2025-02-28 10:55:25"
539,getconfigrun,success,"2025-02-28 11:00:14"
539,speedreading,1740740400:W1:5594:0~1740740400:BV:453~,"2025-02-28 11:00:14"
539,getconfigrun,success,"2025-02-28 11:25:13"
539,speedreading,1740741900:W0:5021:0:200:0~1740741900:BV:458~,"2025-02-28 11:25:13"
878,speedreading,1740742822:BV:3300,"2025-02-28 11:40:24"
860,speedreading,1740743722:BV:3300,"2025-02-28 11:55:26"
610,getconfigrun,success,"2025-02-28 12:03:26"
610,speedreading,1740744180:W1:13522:0~1740744180:BV:522~,"2025-02-28 12:03:27"
610,getconfigrun,success,"2025-02-28 12:07:18"
610,speedreading,1740744420:W0:5115:0:200:0~1740744420:BV:523~,"2025-02-28 12:07:18"
872,speedreading,1740746423:BV:97,"2025-02-28 12:40:25"
860,speedreading,1740747323:BV:3300,"2025-02-28 12:55:26"
50019,speedreading,"{"Datetime": [19, 11, 13, "FRI", 28, 2, 2025], "Data": [{"ar": "0", "BOFR": "0", "AOFR": "0", "F2": 0, "F1": 0, "BV": 1.21, "NN": "A", "A1": "LO", "ACR": "OK", "VN": "A"}]}","2025-02-28 13:11:22"
50019,speedreading,"{"Datetime": ["06", 16, 13, "FRI", 28, 2, 2025], "Data": [{"ar": "0", "BCFR": "0", "ACFR": "0", "F2": 0, "F1": 0, "BV": 1.21, "NN": "A", "A1": "LC", "ACR": "OK", "VN": "A"}]}","2025-02-28 13:16:10"
872,speedreading,1740750023:BV:2792,"2025-02-28 13:40:25"
875,speedreading,1740750047:BV:3300,"2025-02-28 13:40:49"
860,speedreading,1740750921:BV:3300,"2025-02-28 13:55:24"
875,speedreading,1740753668:BV:3300,"2025-02-28 14:41:10"
654,getconfigrun,success,"2025-02-28 14:51:03"
654,speedreading,1740754258:BV:437~,"2025-02-28 14:51:03"
654,getconfigrun,success,"2025-02-28 14:53:33"
654,speedreading,1740754408:W1:6084:0~1740754408:BV:444~,"2025-02-28 14:53:34"
860,speedreading,1740754522:BV:3294,"2025-02-28 14:55:25"
654,getconfigrun,success,"2025-02-28 14:57:04"
654,speedreading,1740754620:W0:5038:8:200:0~1740754620:BV:444~,"2025-02-28 14:57:05"
543,getconfigrun,success,"2025-02-28 15:00:11"
543,speedreading,1740754800:W1:5993:0~1740754800:BV:533~,"2025-02-28 15:00:11"
654,getconfigrun,success,"2025-02-28 15:09:14"
654,speedreading,1740755349:BV:440~,"2025-02-28 15:09:14"
872,speedreading,1740757223:BV:2650,"2025-02-28 15:40:25"
875,speedreading,1740757246:BV:6600,"2025-02-28 15:40:50"
860,speedreading,1740758121:BV:3300,"2025-02-28 15:55:23"
613,getconfigrun,success,"2025-02-28 16:00:14"
613,speedreading,1740758400:W1:8004:0~1740758400:BV:824~,"2025-02-28 16:00:14"
528,getconfigrun,success,"2025-02-28 16:00:18"
528,speedreading,1740758400:W1:8098:0~1740758400:BV:426~,"2025-02-28 16:00:19"
528,getconfigrun,success,"2025-02-28 16:04:23"
528,speedreading,1740758640:W0:12674:17:200:0~1740758640:BV:429~,"2025-02-28 16:04:24"
542,getconfigrun,success,"2025-02-28 16:07:44"
542,speedreading,1740758862:BV:670~,"2025-02-28 16:07:44"
655,getconfigrun,success,"2025-02-28 16:08:13"
655,speedreading,1740758880:W1:8439:0~1740758880:BV:427~,"2025-02-28 16:08:13"
625,getconfigrun,success,"2025-02-28 16:10:07"
625,speedreading,1740759000:W1:7875:0~1740759000:BV:406~,"2025-02-28 16:10:07"
542,getconfigrun,success,"2025-02-28 16:13:52"
542,speedreading,1740759229:BV:880~,"2025-02-28 16:13:52"
625,getconfigrun,success,"2025-02-28 16:14:04"
625,speedreading,1740759240:W0:4836:33:200:0~1740759240:BV:409~,"2025-02-28 16:14:05"
543,getconfigrun,success,"2025-02-28 16:16:10"
543,speedreading,1740759360:W0:4887:0:200:0~1740759360:BV:537~,"2025-02-28 16:16:10"
542,getconfigrun,success,"2025-02-28 16:17:23"
542,speedreading,1740759442:BV:905~,"2025-02-28 16:17:23"
613,getconfigrun,success,"2025-02-28 16:20:12"
613,speedreading,1740759600:W0:6876:353:400:0~1740759600:BV:808~,"2025-02-28 16:20:13"
542,getconfigrun,success,"2025-02-28 16:25:34"
542,speedreading,1740759933:BV:903~,"2025-02-28 16:25:34"
542,getconfigrun,success,"2025-02-28 16:27:05"
542,speedreading,1740760020:W1:8870:0~1740760020:BV:900~,"2025-02-28 16:27:05"
542,getconfigrun,success,"2025-02-28 16:31:01"
542,speedreading,1740760260:W0:5391:0:200:0~1740760260:BV:900~,"2025-02-28 16:31:01"
878,speedreading,1740760822:BV:2657,"2025-02-28 16:40:23"
860,speedreading,1740761723:BV:3291,"2025-02-28 16:55:25"
109,getconfigrun,success,"2025-02-28 17:00:07"
109,speedreading,1740762000:W1:6577:0~1740762000:BV:848~,"2025-02-28 17:00:07"
113,getconfigrun,success,"2025-02-28 17:00:39"
113,speedreading,1740762033:BV:448~,"2025-02-28 17:00:39"
113,getconfigrun,success,"2025-02-28 17:02:06"
113,speedreading,1740762120:W1:5535:122~1740762120:BV:448~,"2025-02-28 17:02:07"
113,getconfigrun,success,"2025-02-28 17:06:06"
113,speedreading,1740762360:W0:4853:56:200:0~1740762360:BV:449~,"2025-02-28 17:06:06"
113,getconfigrun,success,"2025-02-28 17:11:34"
113,speedreading,1740762688:BV:449~,"2025-02-28 17:11:34"
655,getconfigrun,success,"2025-02-28 17:12:09"
655,speedreading,1740762720:W0:4905:151:201:0~1740762720:BV:427~,"2025-02-28 17:12:10"
53,getconfigrun,success,"2025-02-28 17:18:18"
53,speedreading,1740763080:W1:5416:0~1740763080:BV:453~,"2025-02-28 17:18:18"
878,speedreading,1740764422:BV:2656,"2025-02-28 17:40:25"
860,speedreading,1740765322:BV:2631,"2025-02-28 17:55:26"
524,getconfigrun,success,"2025-02-28 18:00:14"
524,speedreading,1740765600:W1:5970:0~1740765600:BV:406~,"2025-02-28 18:00:14"
117,getconfigrun,success,"2025-02-28 18:01:07"
117,speedreading,1740765660:W1:5990:0~1740765660:BV:600~,"2025-02-28 18:01:07"
524,getconfigrun,success,"2025-02-28 18:04:16"
524,speedreading,1740765840:W0:7971:5:200:0~1740765840:BV:408~,"2025-02-28 18:04:16"
53,getconfigrun,success,"2025-02-28 18:21:20"
53,speedreading,1740766860:W0:7573:142:201:0~1740766860:BV:454~,"2025-02-28 18:21:20"
644,getconfigrun,success,"2025-02-28 18:30:17"
644,speedreading,1740767400:W1:13354:0~1740767400:BV:792~,"2025-02-28 18:30:18"
117,getconfigrun,success,"2025-02-28 18:32:06"
117,speedreading,1740767520:W0:5867:0:200:0~1740767520:BV:600~,"2025-02-28 18:32:07"
644,getconfigrun,success,"2025-02-28 18:36:16"
644,speedreading,1740767760:W0:11867:5:201:0~1740767760:BV:789~,"2025-02-28 18:36:16"
878,speedreading,1740768022:BV:2635,"2025-02-28 18:40:23"
872,speedreading,1740768025:BV:61439,"2025-02-28 18:40:27"
875,speedreading,1740768049:BV:2648,"2025-02-28 18:40:51"
654,getconfigrun,success,"2025-02-28 18:46:45"
654,speedreading,1740768399:W1:5821:0~1740768399:BV:442~,"2025-02-28 18:46:45"
654,getconfigrun,success,"2025-02-28 18:52:20"
654,speedreading,1740768735:W0:4953:7:200:0~1740768735:BV:444~,"2025-02-28 18:52:20"
860,speedreading,1740768922:BV:2600,"2025-02-28 18:55:25"
878,speedreading,1740771622:BV:2623,"2025-02-28 19:40:24"
872,speedreading,1740771623:BV:2610,"2025-02-28 19:40:26"
875,speedreading,1740771647:BV:2626,"2025-02-28 19:40:50"
860,speedreading,1740772523:BV:2570,"2025-02-28 19:55:25"
647,getconfigrun,success,"2025-02-28 20:00:18"
647,speedreading,1740772800:W1:6051:0~1740772800:BV:441~,"2025-02-28 20:00:18"
647,getconfigrun,success,"2025-02-28 20:04:17"
647,speedreading,1740773040:W0:4947:5:201:0~1740773040:BV:442~,"2025-02-28 20:04:17"
860,speedreading,1740776122:BV:2564,"2025-02-28 20:55:25"
860,speedreading,1740779722:BV:2564,"2025-02-28 21:55:25"
878,speedreading,1740782422:BV:2621,"2025-02-28 22:40:25"
875,speedreading,1740782467:BV:2615,"2025-02-28 22:41:09"
860,speedreading,1740783321:BV:2563,"2025-02-28 22:55:25"
872,speedreading,1740786022:BV:2601,"2025-02-28 23:40:24"
878,speedreading,1740786023:BV:2621,"2025-02-28 23:40:27"
875,speedreading,1740786045:BV:2616,"2025-02-28 23:40:48"
860,speedreading,1740786924:BV:28671,"2025-02-28 23:55:26"
878,speedreading,1740789622:BV:2618,"2025-03-01 00:40:24"
872,speedreading,1740789623:BV:26623,"2025-03-01 00:40:26"
875,speedreading,1740789647:BV:2614,"2025-03-01 00:40:51"
860,speedreading,1740790523:BV:2562,"2025-03-01 00:55:26"
872,speedreading,1740793222:BV:2601,"2025-03-01 01:40:25"
878,speedreading,1740793222:BV:2618,"2025-03-01 01:40:25"
875,speedreading,1740793246:BV:2614,"2025-03-01 01:40:49"
860,speedreading,1740794122:BV:2562,"2025-03-01 01:55:25"
878,speedreading,1740796823:BV:2616,"2025-03-01 02:40:27"
875,speedreading,1609461612:BV:2612,"2025-03-01 02:41:11"
860,speedreading,1740797722:BV:2563,"2025-03-01 02:55:26"
878,speedreading,1740800423:BV:2613,"2025-03-01 03:40:26"
872,speedreading,1609465167:BV:2600,"2025-03-01 03:40:27"
860,speedreading,1740801323:BV:2561,"2025-03-01 03:55:26"
878,speedreading,1609461575:BV:2610,"2025-03-01 04:40:26"
860,speedreading,1740804923:BV:2562,"2025-03-01 04:55:25"
872,speedreading,1609465176:BV:2598,"2025-03-01 05:40:26"
878,speedreading,1609465176:BV:2605,"2025-03-01 05:40:26"
875,speedreading,1609465201:BV:2603,"2025-03-01 05:40:50"
860,speedreading,1740808522:BV:2561,"2025-03-01 05:55:25"
636,getconfigrun,success,"2025-03-01 06:30:10"
636,speedreading,1740810600:W1:16179:0~1740810600:BV:456~,"2025-03-01 06:30:10"
636,getconfigrun,success,"2025-03-01 06:34:02"
636,speedreading,1740810840:W0:7981:180:201:0~1740810840:BV:436~,"2025-03-01 06:34:02"
638,getconfigrun,success,"2025-03-01 06:40:24"
638,speedreading,1740811200:W1:11605:0~1740811200:BV:805~,"2025-03-01 06:40:24"
638,getconfigrun,success,"2025-03-01 06:44:20"
638,speedreading,1740811440:W0:7601:47:200:0~1740811440:BV:804~,"2025-03-01 06:44:22"
860,speedreading,1740812121:BV:2560,"2025-03-01 06:55:24"
650,getconfigrun,success,"2025-03-01 07:00:11"
650,speedreading,1740812400:W1:5700:0~1740812400:BV:820~,"2025-03-01 07:00:11"
50024,speedreading,"{"Datetime": [13, "02", "07", "SAT", 1, 3, 2025], "Data": [{"ar": "0", "BOFR": "0", "VN": "B", "AOFR": "0", "A1": "LO", "NN": "A", "F1": "0", "F2": "0", "ACR": "B"}]}","2025-03-01 07:02:16"
64,getconfigrun,success,"2025-03-01 07:10:17"
64,speedreading,1740813000:W1:12505:0~1740813000:BV:338~,"2025-03-01 07:10:17"
50024,speedreading,"{"Datetime": [35, 21, "07", "SAT", 1, 3, 2025], "Data": [{"ar": "0", "BCFR": "0", "VN": "B", "ACFR": "0", "A1": "LC", "NN": "A", "F1": "26623", "F2": "0", "ACR": "b"}]}","2025-03-01 07:21:40"
113,getconfigrun,success,"2025-03-01 07:30:06"
113,speedreading,1740814200:W1:5610:0~1740814200:BV:447~,"2025-03-01 07:30:07"
650,getconfigrun,success,"2025-03-01 07:30:10"
650,speedreading,1740814200:W0:5108:0:200:0~1740814200:BV:820~,"2025-03-01 07:30:10"
50024,speedreading,"{"Datetime": [14, 32, "07", "SAT", 1, 3, 2025], "Data": [{"ar": "0", "BOFR": "0", "VN": "C", "AOFR": "0", "A1": "LO", "NN": "A", "F1": "0", "F2": "0", "ACR": "C"}]}","2025-03-01 07:32:18"
101,getconfigrun,success,"2025-03-01 07:35:03"
101,speedreading,1740814500:W1:6107:0~1740814500:BV:426~,"2025-03-01 07:35:03"
113,getconfigrun,success,"2025-03-01 07:40:06"
113,speedreading,1740814800:W0:4934:54:200:0~1740814800:BV:447~,"2025-03-01 07:40:06"
101,getconfigrun,success,"2025-03-01 07:41:02"
101,speedreading,1740814860:W0:4717:293:200:0~1740814860:BV:428~,"2025-03-01 07:41:02"
64,getconfigrun,success,"2025-03-01 07:41:11"
64,speedreading,1740814800:W0:65711:0:200:0~1740814800:BV:338~,"2025-03-01 07:41:11"
651,getconfigrun,success,"2025-03-01 07:45:10"
651,speedreading,1740815100:W1:5676:0~1740815100:BV:835~,"2025-03-01 07:45:10"
50024,speedreading,"{"Datetime": [34, 51, "07", "SAT", 1, 3, 2025], "Data": [{"ar": "0", "BCFR": "0", "VN": "C", "ACFR": "0", "A1": "LC", "NN": "A", "F1": "68", "F2": "0", "ACR": "c"}]}","2025-03-01 07:51:37"
860,speedreading,1740815721:BV:2570,"2025-03-01 07:55:24"
108,getconfigrun,success,"2025-03-01 08:00:07"
108,speedreading,1740816000:W1:7001:0~1740816000:BV:434~,"2025-03-01 08:00:07"
50024,speedreading,"{"Datetime": [13, "02", "08", "SAT", 1, 3, 2025], "Data": [{"ar": "0", "BOFR": "0", "VN": "A", "AOFR": "0", "A1": "LO", "NN": "A", "F1": "0", "F2": "0", "ACR": "A"}]}","2025-03-01 08:02:17"
108,getconfigrun,success,"2025-03-01 08:10:06"
108,speedreading,1740816600:W0:5811:21:200:0~1740816600:BV:438~,"2025-03-01 08:10:06"
651,getconfigrun,success,"2025-03-01 08:15:09"
651,speedreading,1740816900:W0:5367:90:1201:0~1740816900:BV:833~,"2025-03-01 08:15:11"
50024,speedreading,"{"Datetime": [34, 21, "08", "SAT", 1, 3, 2025], "Data": [{"ar": "0", "BCFR": "0", "VN": "A", "ACFR": "0", "A1": "LC", "NN": "A", "F1": "92", "F2": "0", "ACR": "a"}]}","2025-03-01 08:21:37"
652,getconfigrun,success,"2025-03-01 08:30:01"
652,speedreading,1740817800:W1:5794:0~1740817800:BV:818~,"2025-03-01 08:30:01"
50024,speedreading,"{"Datetime": [13, 32, "08", "SAT", 1, 3, 2025], "Data": [{"ar": "0", "BOFR": "0", "VN": "D", "AOFR": "0", "A1": "LO", "NN": "A", "F1": "0", "F2": "0", "ACR": "D"}]}","2025-03-01 08:32:17"
878,speedreading,1609461571:BV:2689,"2025-03-01 08:40:24"
875,speedreading,1740818469:BV:2630,"2025-03-01 08:41:11"
652,getconfigrun,success,"2025-03-01 08:50:00"
652,speedreading,1740819000:W0:5086:47:201:0~1740819000:BV:816~,"2025-03-01 08:50:01"
50024,speedreading,"{"Datetime": [34, 51, "08", "SAT", 1, 3, 2025], "Data": [{"ar": "0", "BCFR": "0", "VN": "D", "ACFR": "0", "A1": "LC", "NN": "A", "F1": "133", "F2": "0", "ACR": "d"}]}","2025-03-01 08:51:37"
860,speedreading,1740819323:BV:2578,"2025-03-01 08:55:26"
656,getconfigrun,success,"2025-03-01 09:22:09"
656,speedreading,1740562860:E2:16205~1740562860:W0:16144:140:200:0~1740562860:BV:415~1740648060:E2:18204~1740648060:W1:18210:0~1740648060:BV:415~1740649260:E2:16206~1740649260:W0:16209:124:200:0~1740649260:BV:415~1740734460:E1:126667~1740734460:W1:126669:0~1740734460:BV:414~,"2025-03-01 09:22:09"
612,getconfigrun,success,"2025-03-01 09:34:11"
612,speedreading,1740821640:W1:7170:0~1740821640:BV:532~,"2025-03-01 09:34:11"
612,getconfigrun,success,"2025-03-01 09:40:11"
612,speedreading,1740822000:W0:6876:91:200:0~1740822000:BV:534~,"2025-03-01 09:40:11"
878,speedreading,1609465172:BV:3300,"2025-03-01 09:40:25"
872,speedreading,1740822023:BV:2614,"2025-03-01 09:40:26"
875,speedreading,1740822048:BV:2665,"2025-03-01 09:40:50"
656,getconfigrun,success,"2025-03-01 09:42:05"
656,speedreading,1740822060:W0:66873:139:200:0~1740822060:BV:413~,"2025-03-01 09:42:06"
860,speedreading,1740822923:BV:2601,"2025-03-01 09:55:26"
609,getconfigrun,success,"2025-03-01 10:05:22"
609,speedreading,1740823500:W1:5543:0~1740823500:BV:528~,"2025-03-01 10:05:22"
609,getconfigrun,success,"2025-03-01 10:27:21"
609,speedreading,1740824820:W0:4903:8:200:0~1740824820:BV:528~,"2025-03-01 10:27:21"
878,speedreading,1740825622:BV:3300,"2025-03-01 10:40:24"
875,speedreading,1740825668:BV:3300,"2025-03-01 10:41:11"
860,speedreading,1740826521:BV:2635,"2025-03-01 10:55:27"
539,getconfigrun,success,"2025-03-01 11:00:15"
539,speedreading,1740826800:W1:7254:0~1740826800:BV:457~,"2025-03-01 11:00:15"
539,getconfigrun,success,"2025-03-01 11:25:13"
539,speedreading,1740828300:W0:5131:0:200:0~1740828300:BV:463~,"2025-03-01 11:25:13"
872,speedreading,1740829223:BV:2629,"2025-03-01 11:40:26"
878,speedreading,1740829223:BV:3271,"2025-03-01 11:40:26"
875,speedreading,1740829247:BV:3300,"2025-03-01 11:40:50"
860,speedreading,1740830122:BV:3300,"2025-03-01 11:55:27"
610,getconfigrun,success,"2025-03-01 12:03:26"
610,speedreading,1740830580:W1:13504:0~1740830580:BV:523~,"2025-03-01 12:03:27"
610,getconfigrun,success,"2025-03-01 12:07:18"
610,speedreading,1740830820:W0:4933:0:200:0~1740830820:BV:524~,"2025-03-01 12:07:18"
878,speedreading,1609461582:BV:2677,"2025-03-01 12:40:24"
872,speedreading,1609461571:BV:2655,"2025-03-01 12:40:24"
875,speedreading,1609461595:BV:3300,"2025-03-01 12:40:48"
860,speedreading,1740833723:BV:3300,"2025-03-01 12:55:26"
878,speedreading,1609465183:BV:2676,"2025-03-01 13:40:25"
875,speedreading,1609465218:BV:3300,"2025-03-01 13:41:11"
860,speedreading,1740837322:BV:3300,"2025-03-01 13:55:25"
872,speedreading,1740840023:BV:2671,"2025-03-01 14:40:25"
875,speedreading,1740840047:BV:3300,"2025-03-01 14:40:49"
825,speedreading,1740840622:BV:2470,"2025-03-01 14:50:23"
860,speedreading,1740840922:BV:3300,"2025-03-01 14:55:25"
543,getconfigrun,success,"2025-03-01 15:00:11"
543,speedreading,1740841200:W1:5637:0~1740841200:BV:521~,"2025-03-01 15:00:11"
878,speedreading,1740843622:BV:2658,"2025-03-01 15:40:25"
872,speedreading,1740843623:BV:2712,"2025-03-01 15:40:25"
875,speedreading,1740843647:BV:3300,"2025-03-01 15:40:49"
860,speedreading,1740844521:BV:3300,"2025-03-01 15:55:24"
613,getconfigrun,success,"2025-03-01 16:00:13"
613,speedreading,1740844800:W1:7398:0~1740844800:BV:805~,"2025-03-01 16:00:13"
528,getconfigrun,success,"2025-03-01 16:00:18"
528,speedreading,1740844800:W1:8132:0~1740844800:BV:428~,"2025-03-01 16:00:19"
528,getconfigrun,success,"2025-03-01 16:04:15"
528,speedreading,1740845040:W0:4833:26:200:0~1740845040:BV:429~,"2025-03-01 16:04:16"
655,getconfigrun,success,"2025-03-01 16:08:11"
655,speedreading,1740845280:W1:6552:0~1740845280:BV:428~,"2025-03-01 16:08:11"
625,getconfigrun,success,"2025-03-01 16:10:07"
625,speedreading,1740845400:W1:8074:0~1740845400:BV:406~,"2025-03-01 16:10:08"
625,getconfigrun,success,"2025-03-01 16:14:04"
625,speedreading,1740845640:W0:4795:32:200:0~1740845640:BV:409~,"2025-03-01 16:14:04"
543,getconfigrun,success,"2025-03-01 16:16:10"
543,speedreading,1740845760:W0:5108:0:200:0~1740845760:BV:529~,"2025-03-01 16:16:10"
613,getconfigrun,success,"2025-03-01 16:20:12"
613,speedreading,1740846000:W0:6363:0:200:0~1740846000:BV:802~,"2025-03-01 16:20:12"
542,getconfigrun,success,"2025-03-01 16:27:03"
542,speedreading,1740846420:W1:7272:0~1740846420:BV:883~,"2025-03-01 16:27:03"
872,speedreading,1609461574:BV:2653,"2025-03-01 16:40:25"
875,speedreading,1609461598:BV:3295,"2025-03-01 16:40:49"
860,speedreading,1740848121:BV:3155,"2025-03-01 16:55:25"
109,getconfigrun,success,"2025-03-01 17:00:07"
109,speedreading,1740765660:E1:128736~1740765660:W0:128675:0:200:0~1740765660:BV:831~1740848400:W1:6608:0~1740848400:BV:842~,"2025-03-01 17:00:07"
655,getconfigrun,success,"2025-03-01 17:12:09"
655,speedreading,1740849120:W0:4994:157:200:0~1740849120:BV:427~,"2025-03-01 17:12:10"
53,getconfigrun,success,"2025-03-01 17:18:18"
53,speedreading,1740849480:W1:5395:0~1740849480:BV:451~,"2025-03-01 17:18:18"
878,speedreading,1740850822:BV:2655,"2025-03-01 17:40:24"
872,speedreading,1609465173:BV:2656,"2025-03-01 17:40:25"
875,speedreading,1609465198:BV:2790,"2025-03-01 17:40:49"
860,speedreading,1740851722:BV:2676,"2025-03-01 17:55:25"
524,getconfigrun,success,"2025-03-01 18:00:14"
524,speedreading,1740852000:W1:6277:0~1740852000:BV:408~,"2025-03-01 18:00:15"
109,getconfigrun,success,"2025-03-01 18:01:05"
109,speedreading,1740852060:W0:4748:0:200:0~1740852060:BV:842~,"2025-03-01 18:01:05"
117,getconfigrun,success,"2025-03-01 18:01:06"
117,speedreading,1740852060:W1:5725:367~1740852060:BV:598~,"2025-03-01 18:01:06"
524,getconfigrun,success,"2025-03-01 18:04:16"
524,speedreading,1740852240:W0:8035:8:200:0~1740852240:BV:408~,"2025-03-01 18:04:17"
117,getconfigrun,success,"2025-03-01 18:21:07"
117,speedreading,1740853260:W0:5948:0:200:0~1740853260:BV:598~,"2025-03-01 18:21:07"
53,getconfigrun,success,"2025-03-01 18:21:24"
53,speedreading,1740853260:W0:11419:140:201:0~1740853260:BV:453~,"2025-03-01 18:21:24"
644,getconfigrun,success,"2025-03-01 18:30:17"
644,speedreading,1740853800:W1:13432:0~1740853800:BV:793~,"2025-03-01 18:30:18"
644,getconfigrun,success,"2025-03-01 18:36:16"
644,speedreading,1740854160:W0:11716:4:200:0~1740854160:BV:789~,"2025-03-01 18:36:16"
878,speedreading,1740854422:BV:2635,"2025-03-01 18:40:27"
872,speedreading,1740854422:BV:2631,"2025-03-01 18:40:29"
875,speedreading,1740854451:BV:2649,"2025-03-01 18:40:53"
654,getconfigrun,success,"2025-03-01 18:46:07"
654,speedreading,1740854761:W1:6175:0~1740854761:BV:442~,"2025-03-01 18:46:07"
654,getconfigrun,success,"2025-03-01 18:52:04"
654,speedreading,1740855120:W0:4887:7:200:0~1740855120:BV:441~,"2025-03-01 18:52:05"
860,speedreading,1740855322:BV:2592,"2025-03-01 18:55:25"
878,speedreading,1740858022:BV:2627,"2025-03-01 19:40:26"
872,speedreading,1740858023:BV:2606,"2025-03-01 19:40:26"
875,speedreading,1740858047:BV:2627,"2025-03-01 19:40:50"
860,speedreading,1740858922:BV:2559,"2025-03-01 19:55:25"
647,getconfigrun,success,"2025-03-01 20:00:18"
647,speedreading,1740859200:W1:5937:0~1740859200:BV:441~,"2025-03-01 20:00:18"
647,getconfigrun,success,"2025-03-01 20:04:17"
647,speedreading,1740859440:W0:5009:3:200:0~1740859440:BV:441~,"2025-03-01 20:04:18"
878,speedreading,1740861623:BV:2625,"2025-03-01 20:40:26"
872,speedreading,1609461577:BV:26623,"2025-03-01 20:40:27"
875,speedreading,1609461602:BV:2619,"2025-03-01 20:40:51"
860,speedreading,1740862521:BV:2552,"2025-03-01 20:55:25"
878,speedreading,1740865222:BV:2623,"2025-03-01 21:40:25"
872,speedreading,1609465175:BV:2600,"2025-03-01 21:40:25"
875,speedreading,1609465200:BV:2617,"2025-03-01 21:40:49"
860,speedreading,1740866121:BV:2553,"2025-03-01 21:55:25"
612,getconfigrun,success,"2025-03-01 22:23:11"
878,speedreading,1609461578:BV:2622,"2025-03-01 22:40:24"
875,speedreading,1740868871:BV:2616,"2025-03-01 22:41:13"
860,speedreading,1740869722:BV:2553,"2025-03-01 22:55:25"
878,speedreading,1609465177:BV:2621,"2025-03-01 23:40:24"
872,speedreading,1740872423:BV:2601,"2025-03-01 23:40:25"
875,speedreading,1740872446:BV:2616,"2025-03-01 23:40:49"
825,speedreading,1740873023:BV:26623,"2025-03-01 23:50:24"
860,speedreading,1740873323:BV:28671,"2025-03-01 23:55:25"
878,speedreading,1740876022:BV:2620,"2025-03-02 00:40:23"
875,speedreading,1740876067:BV:2615,"2025-03-02 00:41:09"
825,speedreading,1740876623:BV:28671,"2025-03-02 00:50:24"
860,speedreading,1740876923:BV:2553,"2025-03-02 00:55:25"
878,speedreading,1740879622:BV:2619,"2025-03-02 01:40:24"
872,speedreading,1740879623:BV:2600,"2025-03-02 01:40:27"
875,speedreading,1740879648:BV:2614,"2025-03-02 01:40:51"
825,speedreading,1740880223:BV:32767,"2025-03-02 01:50:24"
860,speedreading,1740880523:BV:2554,"2025-03-02 01:55:25"
872,speedreading,1740883224:BV:24575,"2025-03-02 02:40:26"
875,speedreading,1740883248:BV:2613,"2025-03-02 02:40:51"
825,speedreading,1740883823:BV:26623,"2025-03-02 02:50:25"
860,speedreading,1740884122:BV:2553,"2025-03-02 02:55:25"
872,speedreading,1740886823:BV:2600,"2025-03-02 03:40:25"
825,speedreading,1740887424:BV:26623,"2025-03-02 03:50:26"
860,speedreading,1740887722:BV:2555,"2025-03-02 03:55:24"
825,speedreading,1740891023:BV:26623,"2025-03-02 04:50:24"
860,speedreading,1740891322:BV:2557,"2025-03-02 04:55:25"
825,speedreading,1740894623:BV:32767,"2025-03-02 05:50:24"
860,speedreading,1740894921:BV:2556,"2025-03-02 05:55:24"
636,getconfigrun,success,"2025-03-02 06:30:06"
636,speedreading,1740897000:W1:11810:0~1740897000:BV:454~,"2025-03-02 06:30:06"
636,getconfigrun,success,"2025-03-02 06:34:04"
636,speedreading,1740897240:W0:9966:178:201:0~1740897240:BV:454~,"2025-03-02 06:34:04"
638,getconfigrun,success,"2025-03-02 06:40:23"
638,speedreading,1740897600:W1:11328:0~1740897600:BV:805~,"2025-03-02 06:40:24"
638,getconfigrun,success,"2025-03-02 06:44:20"
638,speedreading,1740897840:W0:7593:47:200:0~1740897840:BV:802~,"2025-03-02 06:44:20"
825,speedreading,1740898224:BV:28671,"2025-03-02 06:50:25"
860,speedreading,1740898523:BV:2556,"2025-03-02 06:55:25"
650,getconfigrun,success,"2025-03-02 07:00:11"
650,speedreading,1740898800:W1:5720:0~1740898800:BV:821~,"2025-03-02 07:00:11"
50024,speedreading,"{"Datetime": [13, "02", "07", "SUN", 2, 3, 2025], "Data": [{"ar": "0", "BOFR": "0", "VN": "B", "AOFR": "0", "A1": "LO", "NN": "A", "F1": "0", "F2": "0", "ACR": "B"}]}","2025-03-02 07:02:17"
50024,speedreading,"{"Datetime": [33, 21, "07", "SUN", 2, 3, 2025], "Data": [{"ar": "0", "BCFR": "0", "VN": "B", "ACFR": "0", "A1": "LC", "NN": "A", "F1": "288", "F2": "0", "ACR": "b"}]}","2025-03-02 07:21:36"
113,getconfigrun,success,"2025-03-02 07:30:07"
113,speedreading,1740900600:W1:5567:0~1740900600:BV:447~,"2025-03-02 07:30:07"
650,getconfigrun,success,"2025-03-02 07:30:10"
650,speedreading,1740900600:W0:5179:0:200:0~1740900600:BV:820~,"2025-03-02 07:30:11"
50024,speedreading,"{"Datetime": [13, 32, "07", "SUN", 2, 3, 2025], "Data": [{"ar": "0", "BOFR": "0", "VN": "C", "AOFR": "0", "A1": "LO", "NN": "A", "F1": "0", "F2": "0", "ACR": "C"}]}","2025-03-02 07:32:15"
101,getconfigrun,success,"2025-03-02 07:35:03"
101,speedreading,1740900900:W1:6100:0~1740900900:BV:426~,"2025-03-02 07:35:03"
531,getconfigrun,success,"2025-03-02 07:36:23"
531,speedreading,1740814560:E1:55070~1740814560:W1:55011:0~1740814560:BV:393~1740816480:E1:67427~1740816480:W0:67429:28:200:0~1740816480:BV:393~1740900960:W1:22933:0~1740900960:BV:393~,"2025-03-02 07:36:23"
113,getconfigrun,success,"2025-03-02 07:40:06"
113,speedreading,1740901200:W0:4893:0:200:0~1740901200:BV:448~,"2025-03-02 07:40:06"
101,getconfigrun,success,"2025-03-02 07:41:03"
101,speedreading,1740901260:W0:5772:272:200:0~1740901260:BV:428~,"2025-03-02 07:41:03"
651,getconfigrun,success,"2025-03-02 07:45:10"
651,speedreading,1740901500:W1:5678:140~1740901500:BV:835~,"2025-03-02 07:45:10"
825,speedreading,1740901824:BV:26623,"2025-03-02 07:50:25"
50024,speedreading,"{"Datetime": [33, 51, "07", "SUN", 2, 3, 2025], "Data": [{"ar": "0", "BCFR": "0", "VN": "C", "ACFR": "0", "A1": "LC", "NN": "A", "F1": "174", "F2": "0", "ACR": "c"}]}","2025-03-02 07:51:36"
860,speedreading,1740902121:BV:2568,"2025-03-02 07:55:23"
108,getconfigrun,success,"2025-03-02 08:00:07"
108,speedreading,1740902400:W1:6953:0~1740902400:BV:435~,"2025-03-02 08:00:07"
50024,speedreading,"{"Datetime": [14, "02", "08", "SUN", 2, 3, 2025], "Data": [{"ar": "0", "BOFR": "0", "VN": "A", "AOFR": "0", "A1": "LO", "NN": "A", "F1": "0", "F2": "0", "ACR": "A"}]}","2025-03-02 08:02:17"
531,getconfigrun,success,"2025-03-02 08:08:22"
531,speedreading,1740902880:W0:21881:27:200:0~1740902880:BV:394~,"2025-03-02 08:08:22"
108,getconfigrun,success,"2025-03-02 08:15:06"
108,speedreading,1740903300:W0:5498:0:200:0~1740903300:BV:435~,"2025-03-02 08:15:06"
651,getconfigrun,success,"2025-03-02 08:15:09"
651,speedreading,1740903300:W0:5055:123:400:0~1740903300:BV:833~,"2025-03-02 08:15:10"
50024,speedreading,"{"Datetime": [35, 21, "08", "SUN", 2, 3, 2025], "Data": [{"ar": "0", "BCFR": "0", "VN": "A", "ACFR": "0", "A1": "LC", "NN": "A", "F1": "171", "F2": "0", "ACR": "a"}]}","2025-03-02 08:21:37"
652,getconfigrun,success,"2025-03-02 08:30:01"
652,speedreading,1740904200:W1:5639:7~1740904200:BV:818~,"2025-03-02 08:30:01"
106,getconfigrun,success,"2025-03-02 08:30:06"
106,speedreading,1740817800:E2:11476~1740817800:W1:11413:0~1740817800:BV:448~1740818160:E2:9920~1740818160:W0:9923:186:200:0~1740818160:BV:450~1740904200:W1:7592:0~1740904200:BV:449~,"2025-03-02 08:30:06"
50024,speedreading,"{"Datetime": [14, 32, "08", "SUN", 2, 3, 2025], "Data": [{"ar": "0", "BOFR": "0", "VN": "D", "AOFR": "0", "A1": "LO", "NN": "A", "F1": "0", "F2": "0", "ACR": "D"}]}","2025-03-02 08:32:18"
106,getconfigrun,success,"2025-03-02 08:36:03"
106,speedreading,1740904560:W0:4749:228:200:0~1740904560:BV:448~,"2025-03-02 08:36:03"
872,speedreading,1740904823:BV:2604,"2025-03-02 08:40:26"
875,speedreading,1740904848:BV:2645,"2025-03-02 08:40:50"
652,getconfigrun,success,"2025-03-02 08:50:00"
652,speedreading,1740905400:W0:4900:41:200:0~1740905400:BV:816~,"2025-03-02 08:50:00"
825,speedreading,1740905424:BV:26623,"2025-03-02 08:50:26"
50024,speedreading,"{"Datetime": [34, 51, "08", "SUN", 2, 3, 2025], "Data": [{"ar": "0", "BCFR": "0", "VN": "D", "ACFR": "0", "A1": "LC", "NN": "A", "F1": "0", "F2": "0", "ACR": "d"}]}","2025-03-02 08:51:36"
860,speedreading,1740905723:BV:2575,"2025-03-02 08:55:24"
872,speedreading,1740908423:BV:2612,"2025-03-02 09:40:27"
875,speedreading,1740908448:BV:2669,"2025-03-02 09:40:52"
825,speedreading,1740909024:BV:28671,"2025-03-02 09:50:25"
860,speedreading,1740909322:BV:2601,"2025-03-02 09:55:24"
542,getconfigrun,success,"2025-03-02 10:00:02"
542,speedreading,1740909600:W1:6220:0~1740909600:BV:879~,"2025-03-02 10:00:02"
609,getconfigrun,success,"2025-03-02 10:05:22"
609,speedreading,1740909900:W1:5578:0~1740909900:BV:528~,"2025-03-02 10:05:22"
542,getconfigrun,success,"2025-03-02 10:10:01"
542,speedreading,1740910200:W0:5185:11:200:0~1740910200:BV:878~,"2025-03-02 10:10:01"
609,getconfigrun,success,"2025-03-02 10:27:21"
609,speedreading,1740911220:W0:4925:7:200:0~1740911220:BV:529~,"2025-03-02 10:27:21"
875,speedreading,1740912067:BV:3300,"2025-03-02 10:41:09"
825,speedreading,1740912622:BV:32767,"2025-03-02 10:50:24"
860,speedreading,1740912921:BV:2625,"2025-03-02 10:55:24"
539,getconfigrun,success,"2025-03-02 11:00:14"
539,speedreading,1740913200:W1:5575:0~1740913200:BV:459~,"2025-03-02 11:00:14"
539,getconfigrun,success,"2025-03-02 11:25:13"
539,speedreading,1740914700:W0:4988:0:200:0~1740914700:BV:449~,"2025-03-02 11:25:13"
872,speedreading,1740915623:BV:65,"2025-03-02 11:40:25"
875,speedreading,1740915646:BV:3300,"2025-03-02 11:40:48"
825,speedreading,1740916222:BV:2346,"2025-03-02 11:50:23"
860,speedreading,1740916522:BV:3300,"2025-03-02 11:55:24"
610,getconfigrun,success,"2025-03-02 12:03:26"
610,speedreading,1740916980:W1:13560:0~1740916980:BV:523~,"2025-03-02 12:03:27"
610,getconfigrun,success,"2025-03-02 12:07:18"
610,speedreading,1740917220:W0:4977:0:200:0~1740917220:BV:524~,"2025-03-02 12:07:18"
878,speedreading,1740919223:BV:2656,"2025-03-02 12:40:25"
875,speedreading,1740919267:BV:3300,"2025-03-02 12:41:11"
825,speedreading,1740919822:BV:2461,"2025-03-02 12:50:24"
860,speedreading,1740920122:BV:3300,"2025-03-02 12:55:25"
872,speedreading,1740922823:BV:2669,"2025-03-02 13:40:25"
878,speedreading,1740922823:BV:2644,"2025-03-02 13:40:26"
875,speedreading,1740922846:BV:3300,"2025-03-02 13:40:49"
825,speedreading,1740923422:BV:2468,"2025-03-02 13:50:23"
860,speedreading,1740923722:BV:3289,"2025-03-02 13:55:25"
878,speedreading,1740926422:BV:2658,"2025-03-02 14:40:24"
825,speedreading,1740927023:BV:2463,"2025-03-02 14:50:25"
860,speedreading,1740927322:BV:3300,"2025-03-02 14:55:24"
543,getconfigrun,success,"2025-03-02 15:00:16"
543,speedreading,1740927600:W1:11085:0~1740927600:BV:521~,"2025-03-02 15:00:16"
860,speedreading,1740930922:BV:3300,"2025-03-02 15:55:25"
613,getconfigrun,success,"2025-03-02 16:00:13"
613,speedreading,1740931200:W1:7782:0~1740931200:BV:809~,"2025-03-02 16:00:14"
528,getconfigrun,success,"2025-03-02 16:00:19"
528,speedreading,1740931200:W1:8639:0~1740931200:BV:428~,"2025-03-02 16:00:19"
528,getconfigrun,success,"2025-03-02 16:04:16"
528,speedreading,1740931440:W0:5134:33:200:0~1740931440:BV:428~,"2025-03-02 16:04:16"
655,getconfigrun,success,"2025-03-02 16:08:11"
655,speedreading,1740931680:W1:6552:2~1740931680:BV:427~,"2025-03-02 16:08:11"
625,getconfigrun,success,"2025-03-02 16:10:08"
625,speedreading,1740931800:W1:8409:0~1740931800:BV:408~,"2025-03-02 16:10:08"
625,getconfigrun,success,"2025-03-02 16:14:04"
625,speedreading,1740932040:W0:4819:33:200:0~1740932040:BV:409~,"2025-03-02 16:14:04"
543,getconfigrun,success,"2025-03-02 16:16:10"
543,speedreading,1740932160:W0:4958:0:200:0~1740932160:BV:525~,"2025-03-02 16:16:10"
613,getconfigrun,success,"2025-03-02 16:20:11"
613,speedreading,1740932400:W0:5627:0:200:0~1740932400:BV:808~,"2025-03-02 16:20:12"
109,getconfigrun,success,"2025-03-02 16:52:12"
109,speedreading,1740934326:BV:885~,"2025-03-02 16:52:12"
109,getconfigrun,success,"2025-03-02 16:55:06"
109,speedreading,1740934500:W1:6386:0~1740934500:BV:886~,"2025-03-02 16:55:07"
860,speedreading,1740934523:BV:3293,"2025-03-02 16:55:26"
109,getconfigrun,success,"2025-03-02 16:59:05"
109,speedreading,1740934740:W0:4913:0:200:0~1740934740:BV:886~,"2025-03-02 16:59:05"
655,getconfigrun,success,"2025-03-02 17:12:09"
655,speedreading,1740935520:W0:4940:145:200:0~1740935520:BV:426~,"2025-03-02 17:12:10"
53,getconfigrun,success,"2025-03-02 17:18:18"
53,speedreading,1740935880:W1:5553:0~1740935880:BV:451~,"2025-03-02 17:18:18"
109,getconfigrun,success,"2025-03-02 17:26:41"
109,speedreading,1740936396:BV:885~,"2025-03-02 17:26:42"
109,getconfigrun,success,"2025-03-02 17:28:06"
109,speedreading,1740936480:W1:6276:0~1740936480:BV:886~,"2025-03-02 17:28:07"
109,getconfigrun,success,"2025-03-02 17:32:05"
109,speedreading,1740936720:W0:4920:88:201:0~1740936720:BV:885~,"2025-03-02 17:32:05"
109,getconfigrun,success,"2025-03-02 17:37:22"
109,speedreading,1740937037:BV:886~,"2025-03-02 17:37:23"
860,speedreading,1740938121:BV:2646,"2025-03-02 17:55:24"
524,getconfigrun,success,"2025-03-02 18:00:14"
524,speedreading,1740938400:W1:6200:0~1740938400:BV:405~,"2025-03-02 18:00:15"
117,getconfigrun,success,"2025-03-02 18:01:06"
117,speedreading,1740938460:W1:5839:372~1740938460:BV:600~,"2025-03-02 18:01:07"
524,getconfigrun,success,"2025-03-02 18:04:16"
524,speedreading,1740938640:W0:7873:8:200:0~1740938640:BV:409~,"2025-03-02 18:04:16"
117,getconfigrun,success,"2025-03-02 18:21:06"
117,speedreading,1740939660:W0:4989:0:200:0~1740939660:BV:597~,"2025-03-02 18:21:06"
53,getconfigrun,success,"2025-03-02 18:21:20"
53,speedreading,1740939660:W0:7568:139:200:0~1740939660:BV:453~,"2025-03-02 18:21:21"
644,getconfigrun,success,"2025-03-02 18:30:10"
644,speedreading,1740940200:W1:5709:0~1740940200:BV:798~,"2025-03-02 18:30:10"
644,getconfigrun,success,"2025-03-02 18:36:16"
644,speedreading,1740940560:W0:11793:4:200:0~1740940560:BV:793~,"2025-03-02 18:36:16"
654,getconfigrun,success,"2025-03-02 18:46:09"
654,speedreading,1740941163:W1:5881:0~1740941163:BV:442~,"2025-03-02 18:46:09"
654,getconfigrun,success,"2025-03-02 18:52:04"
654,speedreading,1740941520:W0:4788:5:200:0~1740941520:BV:442~,"2025-03-02 18:52:04"
860,speedreading,1740941721:BV:2585,"2025-03-02 18:55:24"
860,speedreading,1740945322:BV:2568,"2025-03-02 19:55:26"
647,getconfigrun,success,"2025-03-02 20:00:18"
647,speedreading,1740945600:W1:5775:0~1740945600:BV:441~,"2025-03-02 20:00:18"
647,getconfigrun,success,"2025-03-02 20:04:18"
647,speedreading,1740945840:W0:6115:0:200:0~1740945840:BV:441~,"2025-03-02 20:04:19"
872,speedreading,1740948023:BV:26623,"2025-03-02 20:40:25"
878,speedreading,1740948023:BV:2624,"2025-03-02 20:40:27"
875,speedreading,1740948046:BV:2619,"2025-03-02 20:40:50"
860,speedreading,1740948920:BV:2565,"2025-03-02 20:55:23"
878,speedreading,1740951622:BV:2624,"2025-03-02 21:40:25"
872,speedreading,1740951623:BV:2599,"2025-03-02 21:40:25"
875,speedreading,1740951647:BV:2617,"2025-03-02 21:40:49"
860,speedreading,1740952521:BV:2566,"2025-03-02 21:55:24"
878,speedreading,1740955222:BV:2623,"2025-03-02 22:40:25"
875,speedreading,1740955269:BV:2617,"2025-03-02 22:41:11"
860,speedreading,1740956122:BV:2564,"2025-03-02 22:55:23"
872,speedreading,1740958822:BV:2599,"2025-03-02 23:40:23"
878,speedreading,1740958823:BV:2622,"2025-03-02 23:40:26"
875,speedreading,1740958845:BV:2615,"2025-03-02 23:40:47"
825,speedreading,1740959424:BV:26623,"2025-03-02 23:50:25"
860,speedreading,1740959724:BV:32767,"2025-03-02 23:55:26"
636,getconfigrun,success,"2025-03-03 06:30:09"
636,speedreading,1740983400:W1:15551:0~1740983400:BV:456~,"2025-03-03 06:30:10"
636,getconfigrun,success,"2025-03-03 06:34:02"
636,speedreading,1740983640:W0:8592:179:200:0~1740983640:BV:454~,"2025-03-03 06:34:03"
638,getconfigrun,success,"2025-03-03 06:40:24"
638,speedreading,1740984000:W1:11658:0~1740984000:BV:806~,"2025-03-03 06:40:24"
638,getconfigrun,success,"2025-03-03 06:44:20"
638,speedreading,1740984240:W0:7393:47:200:0~1740984240:BV:805~,"2025-03-03 06:44:21"
860,speedreading,1740984922:BV:2561,"2025-03-03 06:55:25"
650,getconfigrun,success,"2025-03-03 07:00:11"
650,speedreading,1740985200:W1:5834:0~1740985200:BV:817~,"2025-03-03 07:00:11"
50024,speedreading,"{"Datetime": [14, "02", "07", "MON", 3, 3, 2025], "Data": [{"ar": "0", "BOFR": "0", "VN": "B", "AOFR": "0", "A1": "LO", "NN": "A", "F1": "0", "F2": "0", "ACR": "B"}]}","2025-03-03 07:02:18"
64,getconfigrun,success,"2025-03-03 07:10:12"
64,speedreading,1740899400:E2:43836~1740899400:W1:43772:0~1740899400:BV:336~1740901200:E1:125727~1740901200:W0:125729:0:200:0~1740901200:BV:333~1740985800:W1:6908:0~1740985800:BV:337~,"2025-03-03 07:10:13"
50024,speedreading,"{"Datetime": [33, 21, "07", "MON", 3, 3, 2025], "Data": [{"ar": "0", "BCFR": "0", "VN": "B", "ACFR": "0", "A1": "LC", "NN": "A", "F1": "0", "F2": "0", "ACR": "b"}]}","2025-03-03 07:21:36"
113,getconfigrun,success,"2025-03-03 07:30:07"
113,speedreading,1740987000:W1:5782:0~1740987000:BV:447~,"2025-03-03 07:30:07"
650,getconfigrun,success,"2025-03-03 07:30:10"
650,speedreading,1740987000:W0:5164:0:201:0~1740987000:BV:821~,"2025-03-03 07:30:11"
50024,speedreading,"{"Datetime": [14, 32, "07", "MON", 3, 3, 2025], "Data": [{"ar": "0", "BOFR": "0", "VN": "C", "AOFR": "0", "A1": "LO", "NN": "A", "F1": "0", "F2": "0", "ACR": "C"}]}","2025-03-03 07:32:18"
101,getconfigrun,success,"2025-03-03 07:35:04"
101,speedreading,1740987300:W1:6624:0~1740987300:BV:427~,"2025-03-03 07:35:04"
531,getconfigrun,success,"2025-03-03 07:36:23"
531,speedreading,1740987360:W1:23110:0~1740987360:BV:393~,"2025-03-03 07:36:23"
113,getconfigrun,success,"2025-03-03 07:40:06"
113,speedreading,1740987600:W0:4930:55:200:0~1740987600:BV:447~,"2025-03-03 07:40:06"
64,getconfigrun,success,"2025-03-03 07:40:15"
64,speedreading,1740987600:W0:9036:0:200:0~1740987600:BV:338~,"2025-03-03 07:40:15"
101,getconfigrun,success,"2025-03-03 07:41:02"
101,speedreading,1740987660:W0:4747:291:200:0~1740987660:BV:426~,"2025-03-03 07:41:02"
651,getconfigrun,success,"2025-03-03 07:45:10"
651,speedreading,1740987900:W1:5644:123~1740987900:BV:835~,"2025-03-03 07:45:10"
50024,speedreading,"{"Datetime": [33, 51, "07", "MON", 3, 3, 2025], "Data": [{"ar": "0", "BCFR": "0", "VN": "C", "ACFR": "0", "A1": "LC", "NN": "A", "F1": "0", "F2": "0", "ACR": "c"}]}","2025-03-03 07:51:37"
860,speedreading,1740988522:BV:2571,"2025-03-03 07:55:26"
108,getconfigrun,success,"2025-03-03 08:00:07"
108,speedreading,1740988800:W1:6983:0~1740988800:BV:435~,"2025-03-03 08:00:07"
50024,speedreading,"{"Datetime": [14, "02", "08", "MON", 3, 3, 2025], "Data": [{"ar": "0", "BOFR": "0", "VN": "A", "AOFR": "0", "A1": "LO", "NN": "A", "F1": "0", "F2": "0", "ACR": "A"}]}","2025-03-03 08:02:17"
531,getconfigrun,success,"2025-03-03 08:08:10"
531,speedreading,1740989280:W0:9502:28:200:0~1740989280:BV:393~,"2025-03-03 08:08:10"
108,getconfigrun,success,"2025-03-03 08:15:06"
108,speedreading,1740989700:W0:5503:21:200:0~1740989700:BV:435~,"2025-03-03 08:15:06"
50024,speedreading,"{"Datetime": [33, 21, "08", "MON", 3, 3, 2025], "Data": [{"ar": "0", "BCFR": "0", "VN": "A", "ACFR": "0", "A1": "LC", "NN": "A", "F1": "0", "F2": "0", "ACR": "a"}]}","2025-03-03 08:21:37"
652,getconfigrun,success,"2025-03-03 08:30:00"
652,speedreading,1740990600:W1:5678:0~1740990600:BV:819~,"2025-03-03 08:30:01"
106,getconfigrun,success,"2025-03-03 08:30:04"
106,speedreading,1740990600:W1:6180:0~1740990600:BV:449~,"2025-03-03 08:30:04"
50024,speedreading,"{"Datetime": [13, 32, "08", "MON", 3, 3, 2025], "Data": [{"ar": "0", "BOFR": "0", "VN": "D", "AOFR": "0", "A1": "LO", "NN": "A", "F1": "0", "F2": "0", "ACR": "D"}]}","2025-03-03 08:32:17"
106,getconfigrun,success,"2025-03-03 08:36:03"
106,speedreading,1740990960:W0:4777:183:400:0~1740990960:BV:449~,"2025-03-03 08:36:03"
652,getconfigrun,success,"2025-03-03 08:50:00"
652,speedreading,1740991800:W0:4918:51:400:0~1740991800:BV:816~,"2025-03-03 08:50:00"
50024,speedreading,"{"Datetime": [26, 52, "08", "MON", 3, 3, 2025], "Data": [{"ar": "0", "BCFR": "0", "VN": "D", "ACFR": "0", "A1": "LC", "NN": "A", "F1": "0", "F2": "0", "ACR": "d"}]}","2025-03-03 08:52:29"
860,speedreading,1740992123:BV:2580,"2025-03-03 08:55:26"
612,getconfigrun,success,"2025-03-03 09:34:13"
612,speedreading,1740867824:E1:66616~1740867824:BV:531~1740924826:E1:66605~1740924826:BV:530~1740994440:W1:8704:0~1740994440:BV:532~,"2025-03-03 09:34:14"
656,getconfigrun,success,"2025-03-03 09:42:08"
656,speedreading,1740907260:E2:85250~1740907260:W1:85188:0~1740907260:BV:411~1740908460:E1:128732~1740908460:W0:128738:136:200:0~1740908460:BV:412~1740993660:E1:126666~1740993660:W1:126666:0~1740993660:BV:411~1740994860:W0:70153:128:200:0~1740994860:BV:411~,"2025-03-03 09:42:09"
860,speedreading,1740995722:BV:2603,"2025-03-03 09:55:26"
542,getconfigrun,success,"2025-03-03 10:00:02"
542,speedreading,1740996000:W1:6220:0~1740996000:BV:873~,"2025-03-03 10:00:02"
609,getconfigrun,success,"2025-03-03 10:05:22"
609,speedreading,1740996300:W1:5606:0~1740996300:BV:529~,"2025-03-03 10:05:22"
542,getconfigrun,success,"2025-03-03 10:10:06"
542,speedreading,1740996600:W0:10422:10:200:0~1740996600:BV:872~,"2025-03-03 10:10:06"
609,getconfigrun,success,"2025-03-03 10:27:21"
609,speedreading,1740997620:W0:4927:5:200:0~1740997620:BV:532~,"2025-03-03 10:27:21"
878,speedreading,1740998422:BV:3300,"2025-03-03 10:40:25"
860,speedreading,1740999322:BV:2595,"2025-03-03 10:55:28"
539,getconfigrun,success,"2025-03-03 11:00:17"
539,speedreading,1740999600:W1:8647:0~1740999600:BV:456~,"2025-03-03 11:00:17"
539,getconfigrun,success,"2025-03-03 11:25:14"
539,speedreading,1741001100:W0:5519:0:200:0~1741001100:BV:457~,"2025-03-03 11:25:14"
878,speedreading,1741002023:BV:3229,"2025-03-03 11:40:25"
872,speedreading,1741002023:BV:2612,"2025-03-03 11:40:26"
875,speedreading,1741002048:BV:3230,"2025-03-03 11:40:51"
860,speedreading,1741002923:BV:3300,"2025-03-03 11:55:27"
610,getconfigrun,success,"2025-03-03 12:03:26"
610,speedreading,1741003380:W1:13456:0~1741003380:BV:523~,"2025-03-03 12:03:26"
610,getconfigrun,success,"2025-03-03 12:07:18"
610,speedreading,1741003620:W0:4957:0:200:0~1741003620:BV:524~,"2025-03-03 12:07:18"
878,speedreading,1741005623:BV:2698,"2025-03-03 12:40:25"
825,speedreading,1741006222:BV:2655,"2025-03-03 12:50:23"
848,speedreading,1741006223:BV:2655,"2025-03-03 12:50:25"
860,speedreading,1741006522:BV:2715,"2025-03-03 12:55:27"
872,speedreading,1741009223:BV:2640,"2025-03-03 13:40:25"
875,speedreading,1741009247:BV:3300,"2025-03-03 13:40:50"
825,speedreading,1741009822:BV:26623,"2025-03-03 13:50:28"
860,speedreading,1741010123:BV:3300,"2025-03-03 13:55:26"
872,speedreading,1741012823:BV:100,"2025-03-03 14:40:26"
848,speedreading,1741013423:BV:2633,"2025-03-03 14:50:26"
825,speedreading,1741013422:BV:2633,"2025-03-03 14:50:26"
860,speedreading,1741013722:BV:3300,"2025-03-03 14:55:25"
543,getconfigrun,success,"2025-03-03 15:00:11"
543,speedreading,1741014000:W1:5683:0~1741014000:BV:514~,"2025-03-03 15:00:11"
50010,speedreading,"{"Datetime": [36, "02", 15, "MON", 3, 3, 2025], "Data": [{"ar": "0", "BOFR": "0", "VN": "A", "AOFR": "0", "A1": "LO", "NN": "A", "F1": "0", "F2": "142", "ACR": "A"}]}","2025-03-03 15:02:38"
50010,speedreading,"{"Datetime": [30, 27, 15, "MON", 3, 3, 2025], "Data": [{"ar": "0", "BCFR": "0", "VN": "A", "ACFR": "0", "A1": "LC", "NN": "A", "F1": "141", "F2": "142", "ACR": "Command failed"}]}","2025-03-03 15:27:46"
875,speedreading,1741016468:BV:3274,"2025-03-03 15:41:10"
825,speedreading,1741017023:BV:2546,"2025-03-03 15:50:24"
848,speedreading,1741017022:BV:2546,"2025-03-03 15:50:25"
860,speedreading,1741017323:BV:3300,"2025-03-03 15:55:25"
109,getconfigrun,success,"2025-03-03 16:00:07"
109,speedreading,1741017600:W1:6612:0~1741017600:BV:885~,"2025-03-03 16:00:07"
613,getconfigrun,success,"2025-03-03 16:00:13"
613,speedreading,1741017600:W1:7178:0~1741017600:BV:805~,"2025-03-03 16:00:13"
528,getconfigrun,success,"2025-03-03 16:00:20"
528,speedreading,1741017600:W1:9581:0~1741017600:BV:428~,"2025-03-03 16:00:24"
50010,speedreading,"{"Datetime": [35, "02", 16, "MON", 3, 3, 2025], "Data": [{"ar": "0", "BOFR": "0", "VN": "B", "AOFR": "0", "A1": "LO", "NN": "A", "F1": "141", "F2": "138", "ACR": "B"}]}","2025-03-03 16:02:38"
528,getconfigrun,success,"2025-03-03 16:04:18"
528,speedreading,1741017840:W0:7630:37:201:0~1741017840:BV:429~,"2025-03-03 16:04:18"
655,getconfigrun,success,"2025-03-03 16:08:12"
655,speedreading,1741018080:W1:7334:7~1741018080:BV:427~,"2025-03-03 16:08:12"
625,getconfigrun,success,"2025-03-03 16:10:08"
625,speedreading,1741018200:W1:8412:0~1741018200:BV:405~,"2025-03-03 16:10:08"
625,getconfigrun,success,"2025-03-03 16:14:04"
625,speedreading,1741018440:W0:4889:34:200:0~1741018440:BV:406~,"2025-03-03 16:14:05"
543,getconfigrun,success,"2025-03-03 16:16:10"
543,speedreading,1741018560:W0:4999:0:200:0~1741018560:BV:526~,"2025-03-03 16:16:11"
613,getconfigrun,success,"2025-03-03 16:20:12"
613,speedreading,1741018800:W0:5951:0:200:0~1741018800:BV:808~,"2025-03-03 16:20:12"
50010,speedreading,"{"Datetime": [50, 22, 16, "MON", 3, 3, 2025], "Data": [{"ar": "1", "BCFR": "0", "VN": "B", "ACFR": "0", "A1": "LC", "NN": "A", "F1": "137", "F2": "0", "ACR": "b"}]}","2025-03-03 16:22:52"
875,speedreading,1741020067:BV:2806,"2025-03-03 16:41:11"
860,speedreading,1741020921:BV:2708,"2025-03-03 16:55:23"
655,getconfigrun,success,"2025-03-03 17:12:09"
655,speedreading,1741021920:W0:5011:146:201:0~1741021920:BV:428~,"2025-03-03 17:12:10"
53,getconfigrun,success,"2025-03-03 17:18:19"
53,speedreading,1741022280:W1:5519:0~1741022280:BV:453~,"2025-03-03 17:18:19"
109,getconfigrun,success,"2025-03-03 17:20:05"
109,speedreading,1741022400:W0:5001:0:201:0~1741022400:BV:884~,"2025-03-03 17:20:05"
872,speedreading,1741023622:BV:2640,"2025-03-03 17:40:25"
875,speedreading,1741023646:BV:2665,"2025-03-03 17:40:49"
825,speedreading,1741024223:BV:2531,"2025-03-03 17:50:24"
848,speedreading,1741024222:BV:2531,"2025-03-03 17:50:27"
860,speedreading,1741024522:BV:2645,"2025-03-03 17:55:25"
524,getconfigrun,success,"2025-03-03 18:00:14"
524,speedreading,1741024800:W1:5985:0~1741024800:BV:408~,"2025-03-03 18:00:14"
117,getconfigrun,success,"2025-03-03 18:01:07"
117,speedreading,1741024860:W1:6081:385~1741024860:BV:597~,"2025-03-03 18:01:07"
524,getconfigrun,success,"2025-03-03 18:04:16"
524,speedreading,1741025040:W0:7906:3:200:0~1741025040:BV:408~,"2025-03-03 18:04:16"
117,getconfigrun,success,"2025-03-03 18:21:07"
117,speedreading,1741026060:W0:5988:0:200:0~1741026060:BV:600~,"2025-03-03 18:21:07"
53,getconfigrun,success,"2025-03-03 18:21:21"
53,speedreading,1741026060:W0:7575:140:200:0~1741026060:BV:453~,"2025-03-03 18:21:21"
644,getconfigrun,success,"2025-03-03 18:30:18"
644,speedreading,1741026600:W1:13480:0~1741026600:BV:794~,"2025-03-03 18:30:18"
644,getconfigrun,success,"2025-03-03 18:36:16"
644,speedreading,1741026960:W0:11782:3:200:0~1741026960:BV:790~,"2025-03-03 18:36:16"
654,getconfigrun,success,"2025-03-03 18:46:21"
654,speedreading,1741027575:W1:5913:0~1741027575:BV:442~,"2025-03-03 18:46:21"
109,getconfigrun,success,"2025-03-03 18:47:33"
109,speedreading,1741027648:BV:882~,"2025-03-03 18:47:33"
109,getconfigrun,success,"2025-03-03 18:50:06"
109,speedreading,1741027800:W1:6410:0~1741027800:BV:882~,"2025-03-03 18:50:07"
825,speedreading,1741027823:BV:26623,"2025-03-03 18:50:24"
654,getconfigrun,success,"2025-03-03 18:52:04"
654,speedreading,1741027920:W0:5012:5:200:0~1741027920:BV:444~,"2025-03-03 18:52:05"
860,speedreading,1741028122:BV:2584,"2025-03-03 18:55:26"
109,getconfigrun,success,"2025-03-03 19:00:05"
109,speedreading,1741028400:W0:4946:88:200:0~1741028400:BV:885~,"2025-03-03 19:00:05"
109,getconfigrun,success,"2025-03-03 19:05:53"
109,speedreading,1741028747:BV:882~,"2025-03-03 19:05:53"
825,speedreading,1741031423:BV:2493,"2025-03-03 19:50:24"
848,speedreading,1741031423:BV:2493,"2025-03-03 19:50:26"
860,speedreading,1741031722:BV:2564,"2025-03-03 19:55:28"
647,getconfigrun,success,"2025-03-03 20:00:18"
647,speedreading,1741032000:W1:5825:0~1741032000:BV:441~,"2025-03-03 20:00:18"
647,getconfigrun,success,"2025-03-03 20:04:18"
647,speedreading,1741032240:W0:5752:0:200:0~1741032240:BV:442~,"2025-03-03 20:04:18"
825,speedreading,1741035022:BV:2611,"2025-03-03 20:50:24"
848,speedreading,1741035023:BV:2611,"2025-03-03 20:50:27"
860,speedreading,1741035322:BV:2561,"2025-03-03 20:55:25"
825,speedreading,1741038623:BV:2601,"2025-03-03 21:50:24"
848,speedreading,1741038622:BV:2601,"2025-03-03 21:50:25"
860,speedreading,1741038922:BV:2561,"2025-03-03 21:55:25"
825,speedreading,1741042223:BV:2595,"2025-03-03 22:50:25"
848,speedreading,1741042223:BV:2595,"2025-03-03 22:50:25"
860,speedreading,1741042523:BV:2561,"2025-03-03 22:55:26"
825,speedreading,1741045824:BV:26623,"2025-03-03 23:50:25"
848,speedreading,1741045824:BV:28671,"2025-03-03 23:50:27"
860,speedreading,1741046123:BV:2560,"2025-03-03 23:55:24"
875,speedreading,1741048870:BV:2615,"2025-03-04 00:41:12"
825,speedreading,1741049423:BV:2229,"2025-03-04 00:50:24"
848,speedreading,1741049423:BV:2590,"2025-03-04 00:50:27"
860,speedreading,1741049722:BV:2560,"2025-03-04 00:55:25"
872,speedreading,1741052423:BV:2600,"2025-03-04 01:40:26"
875,speedreading,1741052447:BV:2614,"2025-03-04 01:40:51"
825,speedreading,1741053023:BV:2588,"2025-03-04 01:50:24"
848,speedreading,1741053023:BV:2588,"2025-03-04 01:50:26"
860,speedreading,1741053323:BV:2559,"2025-03-04 01:55:24"
825,speedreading,1741056625:BV:28671,"2025-03-04 02:50:26"
848,speedreading,1741056623:BV:28671,"2025-03-04 02:50:27"
860,speedreading,1741056923:BV:2558,"2025-03-04 02:55:25"
825,speedreading,1741060223:BV:2585,"2025-03-04 03:50:24"
848,speedreading,1741060223:BV:2585,"2025-03-04 03:50:25"
860,speedreading,1741060522:BV:2559,"2025-03-04 03:55:25"
825,speedreading,1741063823:BV:2584,"2025-03-04 04:50:24"
848,speedreading,1741063823:BV:2584,"2025-03-04 04:50:26"
860,speedreading,1741064123:BV:2558,"2025-03-04 04:55:25"
872,speedreading,1741066822:BV:2597,"2025-03-04 05:40:24"
875,speedreading,1741066845:BV:2601,"2025-03-04 05:40:48"
825,speedreading,1741067423:BV:2583,"2025-03-04 05:50:24"
848,speedreading,1741067423:BV:2583,"2025-03-04 05:50:26"
860,speedreading,1741067722:BV:2558,"2025-03-04 05:55:24"
636,getconfigrun,success,"2025-03-04 06:30:06"
636,speedreading,1741069800:W1:12053:0~1741069800:BV:454~,"2025-03-04 06:30:06"
636,getconfigrun,success,"2025-03-04 06:34:02"
636,speedreading,1741070040:W0:8047:179:200:0~1741070040:BV:454~,"2025-03-04 06:34:02"
638,getconfigrun,success,"2025-03-04 06:40:24"
638,speedreading,1741070400:W1:12052:0~1741070400:BV:805~,"2025-03-04 06:40:25"
638,getconfigrun,success,"2025-03-04 06:44:20"
638,speedreading,1741070640:W0:7710:44:200:0~1741070640:BV:802~,"2025-03-04 06:44:21"
825,speedreading,1741071024:BV:26623,"2025-03-04 06:50:26"
860,speedreading,1741071322:BV:2558,"2025-03-04 06:55:25"
650,getconfigrun,success,"2025-03-04 07:00:11"
650,speedreading,1741071600:W1:5839:0~1741071600:BV:822~,"2025-03-04 07:00:11"
50024,speedreading,"{"Datetime": [14, "02", "07", "TUE", 4, 3, 2025], "Data": [{"ar": "0", "BOFR": "0", "VN": "B", "AOFR": "0", "A1": "LO", "NN": "A", "F1": "0", "F2": "0", "ACR": "B"}]}","2025-03-04 07:02:17"
64,getconfigrun,success,"2025-03-04 07:10:13"
64,speedreading,1741072200:W1:7097:0~1741072200:BV:336~,"2025-03-04 07:10:13"
50024,speedreading,"{"Datetime": [34, 21, "07", "TUE", 4, 3, 2025], "Data": [{"ar": "0", "BCFR": "0", "VN": "B", "ACFR": "0", "A1": "LC", "NN": "A", "F1": "291", "F2": "0", "ACR": "b"}]}","2025-03-04 07:21:37"
113,getconfigrun,success,"2025-03-04 07:30:07"
113,speedreading,1741073400:W1:5724:0~1741073400:BV:447~,"2025-03-04 07:30:07"
650,getconfigrun,success,"2025-03-04 07:30:10"
650,speedreading,1741073400:W0:5050:0:200:0~1741073400:BV:821~,"2025-03-04 07:30:11"
50024,speedreading,"{"Datetime": [14, 32, "07", "TUE", 4, 3, 2025], "Data": [{"ar": "0", "BOFR": "0", "VN": "C", "AOFR": "0", "A1": "LO", "NN": "A", "F1": "0", "F2": "0", "ACR": "C"}]}","2025-03-04 07:32:19"
101,getconfigrun,success,"2025-03-04 07:35:03"
101,speedreading,1741073700:W1:6245:0~1741073700:BV:424~,"2025-03-04 07:35:03"
113,getconfigrun,success,"2025-03-04 07:40:06"
113,speedreading,1741074000:W0:4928:56:201:0~1741074000:BV:446~,"2025-03-04 07:40:06"
64,getconfigrun,success,"2025-03-04 07:40:19"
64,speedreading,1741074000:W0:12724:0:201:0~1741074000:BV:336~,"2025-03-04 07:40:19"
101,getconfigrun,success,"2025-03-04 07:41:02"
101,speedreading,1741074060:W0:4716:272:200:0~1741074060:BV:427~,"2025-03-04 07:41:02"
651,getconfigrun,success,"2025-03-04 07:45:10"
848,speedreading,1741074622:BV:2583,"2025-03-04 07:50:25"
825,speedreading,1741074623:BV:2583,"2025-03-04 07:50:26"
50024,speedreading,"{"Datetime": [34, 51, "07", "TUE", 4, 3, 2025], "Data": [{"ar": "0", "BCFR": "0", "VN": "C", "ACFR": "0", "A1": "LC", "NN": "A", "F1": "173", "F2": "0", "ACR": "c"}]}","2025-03-04 07:51:38"
860,speedreading,1741074923:BV:2570,"2025-03-04 07:55:27"
108,getconfigrun,success,"2025-03-04 08:00:08"
108,speedreading,1741075200:W1:7157:0~1741075200:BV:435~,"2025-03-04 08:00:08"
50024,speedreading,"{"Datetime": [14, "02", "08", "TUE", 4, 3, 2025], "Data": [{"ar": "0", "BOFR": "0", "VN": "A", "AOFR": "0", "A1": "LO", "NN": "A", "F1": "0", "F2": "0", "ACR": "A"}]}","2025-03-04 08:02:17"
50021,speedreading,"{"Datetime": [43, "06", "08", "TUE", 4, 3, 2025], "Data": [{"ar": "0", "BOFR": "0", "VN": "V", "AOFR": "0", "A1": "LO", "NN": "V", "F1": "0", "F2": "0", "ACR": "V"}]}","2025-03-04 08:06:48"
531,getconfigrun,success,"2025-03-04 08:08:35"
531,speedreading,1741073760:E1:26672~1741073760:W1:26613:0~1741073760:BV:394~1741075680:W0:35421:27:200:0~1741075680:BV:392~,"2025-03-04 08:08:36"
108,getconfigrun,success,"2025-03-04 08:15:06"
108,speedreading,1741076100:W0:5585:22:200:0~1741076100:BV:434~,"2025-03-04 08:15:06"
651,getconfigrun,success,"2025-03-04 08:15:09"
651,speedreading,1740989700:W0:10135:122:200:0~1740989700:BV:833~1741074300:W1:6417:153~1741074300:BV:833~1741076100:W0:5058:127:400:0~1741076100:BV:833~,"2025-03-04 08:15:10"
50024,speedreading,"{"Datetime": [33, 21, "08", "TUE", 4, 3, 2025], "Data": [{"ar": "0", "BCFR": "0", "VN": "A", "ACFR": "0", "A1": "LC", "NN": "A", "F1": "171", "F2": "0", "ACR": "a"}]}","2025-03-04 08:21:38"
50021,speedreading,"{"Datetime": [43, 28, "08", "TUE", 4, 3, 2025], "Data": [{"ar": "0", "BCFR": "0", "VN": "V", "ACFR": "0", "A1": "LC", "NN": "V", "F1": "0", "F2": "0", "ACR": "v"}]}","2025-03-04 08:28:51"
652,getconfigrun,success,"2025-03-04 08:30:00"
652,speedreading,1741077000:W1:5649:5~1741077000:BV:816~,"2025-03-04 08:30:00"
106,getconfigrun,success,"2025-03-04 08:30:05"
106,speedreading,1741077000:W1:7368:0~1741077000:BV:448~,"2025-03-04 08:30:05"
50024,speedreading,"{"Datetime": [13, 32, "08", "TUE", 4, 3, 2025], "Data": [{"ar": "0", "BOFR": "0", "VN": "D", "AOFR": "0", "A1": "LO", "NN": "A", "F1": "0", "F2": "0", "ACR": "D"}]}","2025-03-04 08:32:17"
106,getconfigrun,success,"2025-03-04 08:36:03"
106,speedreading,1741077360:W0:4756:186:200:0~1741077360:BV:449~,"2025-03-04 08:36:03"
652,getconfigrun,success,"2025-03-04 08:49:59"
652,speedreading,1741078200:W0:4887:60:400:0~1741078200:BV:819~,"2025-03-04 08:50:00"
825,speedreading,1741078224:BV:26623,"2025-03-04 08:50:25"
50024,speedreading,"{"Datetime": [34, 51, "08", "TUE", 4, 3, 2025], "Data": [{"ar": "0", "BCFR": "0", "VN": "D", "ACFR": "0", "A1": "LC", "NN": "A", "F1": "168", "F2": "0", "ACR": "d"}]}","2025-03-04 08:51:38"
860,speedreading,1741078523:BV:2591,"2025-03-04 08:55:25"
612,getconfigrun,success,"2025-03-04 09:00:13"
612,speedreading,1741078800:W1:7474:0~1741078800:BV:530~,"2025-03-04 09:00:13"
612,getconfigrun,success,"2025-03-04 09:10:12"
612,speedreading,1741079400:W0:7050:0:201:0~1741079400:BV:533~,"2025-03-04 09:10:12"
656,getconfigrun,success,"2025-03-04 09:22:07"
656,speedreading,1741080060:W1:68528:0~1741080060:BV:411~,"2025-03-04 09:22:07"
656,getconfigrun,success,"2025-03-04 09:42:05"
656,speedreading,1741081260:W0:66663:124:200:0~1741081260:BV:410~,"2025-03-04 09:42:05"
860,speedreading,1741082122:BV:2593,"2025-03-04 09:55:24"
542,getconfigrun,success,"2025-03-04 10:00:01"
542,speedreading,1741082400:W1:5935:0~1741082400:BV:870~,"2025-03-04 10:00:02"
609,getconfigrun,success,"2025-03-04 10:05:22"
609,speedreading,1741082700:W1:5814:0~1741082700:BV:528~,"2025-03-04 10:05:22"
542,getconfigrun,success,"2025-03-04 10:10:01"
542,speedreading,1741083000:W0:5111:11:200:0~1741083000:BV:869~,"2025-03-04 10:10:01"
609,getconfigrun,success,"2025-03-04 10:27:21"
609,speedreading,1741084020:W0:5104:5:200:0~1741084020:BV:528~,"2025-03-04 10:27:22"
875,speedreading,1741084868:BV:3300,"2025-03-04 10:41:12"
860,speedreading,1741085722:BV:2607,"2025-03-04 10:55:24"
539,getconfigrun,success,"2025-03-04 11:00:14"
539,speedreading,1741086000:W1:5805:0~1741086000:BV:453~,"2025-03-04 11:00:14"
539,getconfigrun,success,"2025-03-04 11:25:13"
539,speedreading,1741087500:W0:4989:0:201:0~1741087500:BV:459~,"2025-03-04 11:25:13"
872,speedreading,1741088423:BV:2612,"2025-03-04 11:40:26"
875,speedreading,1741088447:BV:3296,"2025-03-04 11:40:49"
860,speedreading,1741089321:BV:3075,"2025-03-04 11:55:26"
610,getconfigrun,success,"2025-03-04 12:03:19"
610,speedreading,1741089780:W1:5703:0~1741089780:BV:522~,"2025-03-04 12:03:19"
610,getconfigrun,success,"2025-03-04 12:07:18"
610,speedreading,1741090020:W0:5116:0:200:0~1741090020:BV:523~,"2025-03-04 12:07:18"
872,speedreading,1741092022:BV:2622,"2025-03-04 12:40:24"
875,speedreading,1741092045:BV:3300,"2025-03-04 12:40:48"
848,speedreading,1741092622:BV:2640,"2025-03-04 12:50:27"
860,speedreading,1741092923:BV:3300,"2025-03-04 12:55:25"
848,speedreading,1741096222:BV:2627,"2025-03-04 13:50:25"
860,speedreading,1741096522:BV:3297,"2025-03-04 13:55:25"
875,speedreading,1741099267:BV:3300,"2025-03-04 14:41:09"
825,speedreading,1741099823:BV:2551,"2025-03-04 14:50:24"
848,speedreading,1741099823:BV:2551,"2025-03-04 14:50:28"
860,speedreading,1741100121:BV:3300,"2025-03-04 14:55:24"
543,getconfigrun,success,"2025-03-04 15:00:11"
543,speedreading,1741100400:W1:5844:0~1741100400:BV:524~,"2025-03-04 15:00:11"
50010,speedreading,"{"Datetime": [33, "01", 15, "TUE", 4, 3, 2025], "Data": [{"ar": "0", "BOFR": "0", "VN": "A", "AOFR": "0", "A1": "LO", "NN": "A", "F1": "0", "F2": "142", "ACR": "A"}]}","2025-03-04 15:01:35"
50010,speedreading,"{"Datetime": [31, 27, 15, "TUE", 4, 3, 2025], "Data": [{"ar": "0", "BCFR": "0", "VN": "A", "ACFR": "1", "A1": "LC", "NN": "A", "F1": "138", "F2": "Command failed", "ACR": "a"}]}","2025-03-04 15:27:33"
872,speedreading,1741102823:BV:98,"2025-03-04 15:40:25"
825,speedreading,1741103422:BV:2638,"2025-03-04 15:50:23"
848,speedreading,1741103422:BV:2638,"2025-03-04 15:50:24"
860,speedreading,1741103722:BV:3300,"2025-03-04 15:55:26"
613,getconfigrun,success,"2025-03-04 16:00:13"
613,speedreading,1741104000:W1:7455:0~1741104000:BV:831~,"2025-03-04 16:00:13"
528,getconfigrun,success,"2025-03-04 16:00:19"
528,speedreading,1741104000:W1:8815:0~1741104000:BV:428~,"2025-03-04 16:00:19"
50010,speedreading,"{"Datetime": [34, "01", 16, "TUE", 4, 3, 2025], "Data": [{"ar": "0", "BOFR": "0", "VN": "B", "AOFR": "0", "A1": "LO", "NN": "A", "F1": "0", "F2": "138", "ACR": "B"}]}","2025-03-04 16:01:36"
528,getconfigrun,success,"2025-03-04 16:04:24"
528,speedreading,1741104240:W0:14001:36:200:0~1741104240:BV:428~,"2025-03-04 16:04:26"
655,getconfigrun,success,"2025-03-04 16:08:14"
655,speedreading,1741104480:W1:9295:0~1741104480:BV:428~,"2025-03-04 16:08:14"
625,getconfigrun,success,"2025-03-04 16:10:08"
625,speedreading,1741104600:W1:8513:0~1741104600:BV:406~,"2025-03-04 16:10:08"
625,getconfigrun,success,"2025-03-04 16:14:04"
625,speedreading,1741104840:W0:4885:33:200:0~1741104840:BV:409~,"2025-03-04 16:14:05"
543,getconfigrun,success,"2025-03-04 16:16:10"
543,speedreading,1741104960:W0:4893:0:200:0~1741104960:BV:526~,"2025-03-04 16:16:11"
613,getconfigrun,success,"2025-03-04 16:20:11"
613,speedreading,1741105200:W0:5699:236:400:0~1741105200:BV:802~,"2025-03-04 16:20:12"
878,speedreading,1741106422:BV:2657,"2025-03-04 16:40:25"
825,speedreading,1741107023:BV:2535,"2025-03-04 16:50:24"
848,speedreading,1741107023:BV:2535,"2025-03-04 16:50:28"
860,speedreading,1741107322:BV:2657,"2025-03-04 16:55:24"
655,getconfigrun,success,"2025-03-04 17:12:10"
655,speedreading,1741108320:W0:5129:149:201:0~1741108320:BV:427~,"2025-03-04 17:12:10"
53,getconfigrun,success,"2025-03-04 17:18:21"
53,speedreading,1741108680:W1:7571:0~1741108680:BV:452~,"2025-03-04 17:18:21"
878,speedreading,1741110023:BV:2643,"2025-03-04 17:40:25"
825,speedreading,1741110622:BV:2529,"2025-03-04 17:50:23"
848,speedreading,1741110622:BV:2529,"2025-03-04 17:50:25"
860,speedreading,1741110922:BV:2640,"2025-03-04 17:55:25"
524,getconfigrun,success,"2025-03-04 18:00:14"
524,speedreading,1741111200:W1:5999:0~1741111200:BV:406~,"2025-03-04 18:00:14"
117,getconfigrun,success,"2025-03-04 18:01:07"
117,speedreading,1741111260:W1:5913:386~1741111260:BV:595~,"2025-03-04 18:01:07"
524,getconfigrun,success,"2025-03-04 18:04:16"
524,speedreading,1741111440:W0:8247:4:200:0~1741111440:BV:408~,"2025-03-04 18:04:17"
117,getconfigrun,success,"2025-03-04 18:21:07"
117,speedreading,1741112460:W0:5884:0:200:0~1741112460:BV:597~,"2025-03-04 18:21:07"
53,getconfigrun,success,"2025-03-04 18:21:23"
53,speedreading,1741112460:W0:9486:140:200:0~1741112460:BV:453~,"2025-03-04 18:21:23"
644,getconfigrun,success,"2025-03-04 18:30:18"
644,speedreading,1741113000:W1:14279:0~1741113000:BV:792~,"2025-03-04 18:30:19"
644,getconfigrun,success,"2025-03-04 18:36:16"
644,speedreading,1741113360:W0:11826:4:200:0~1741113360:BV:787~,"2025-03-04 18:36:16"
654,getconfigrun,success,"2025-03-04 18:46:07"
654,speedreading,1741113961:W1:6004:0~1741113961:BV:442~,"2025-03-04 18:46:07"
825,speedreading,1741114223:BV:2517,"2025-03-04 18:50:25"
848,speedreading,1741114222:BV:2517,"2025-03-04 18:50:26"
654,getconfigrun,success,"2025-03-04 18:52:04"
654,speedreading,1741114320:W0:4880:5:200:0~1741114320:BV:440~,"2025-03-04 18:52:04"
860,speedreading,1741114523:BV:2584,"2025-03-04 18:55:25"
825,speedreading,1741117822:BV:2492,"2025-03-04 19:50:24"
848,speedreading,1741117822:BV:2492,"2025-03-04 19:50:28"
860,speedreading,1741118123:BV:2567,"2025-03-04 19:55:25"
647,getconfigrun,success,"2025-03-04 20:00:18"
647,speedreading,1741118400:W1:5790:0~1741118400:BV:440~,"2025-03-04 20:00:18"
647,getconfigrun,success,"2025-03-04 20:04:18"
647,speedreading,1741118640:W0:5958:0:200:0~1741118640:BV:440~,"2025-03-04 20:04:19"
878,speedreading,1741120823:BV:2624,"2025-03-04 20:40:24"
825,speedreading,1741121424:BV:61439,"2025-03-04 20:50:25"
860,speedreading,1741121723:BV:2565,"2025-03-04 20:55:25"
878,speedreading,1741124422:BV:2623,"2025-03-04 21:40:23"
825,speedreading,1741125022:BV:2592,"2025-03-04 21:50:23"
848,speedreading,1741125023:BV:2592,"2025-03-04 21:50:27"
860,speedreading,1741125322:BV:2564,"2025-03-04 21:55:25"
878,speedreading,1741128023:BV:2623,"2025-03-04 22:40:25"
825,speedreading,1741128623:BV:2590,"2025-03-04 22:50:24"
848,speedreading,1741128623:BV:2590,"2025-03-04 22:50:26"
860,speedreading,1741128921:BV:2563,"2025-03-04 22:55:24"
878,speedreading,1741131622:BV:2621,"2025-03-04 23:40:26"
825,speedreading,1741132224:BV:26623,"2025-03-04 23:50:26"
860,speedreading,1741132523:BV:26623,"2025-03-04 23:55:24"
878,speedreading,1741135222:BV:2620,"2025-03-05 00:40:25"
875,speedreading,1741135268:BV:2614,"2025-03-05 00:41:11"
825,speedreading,1741135823:BV:2226,"2025-03-05 00:50:25"
848,speedreading,1741135823:BV:2587,"2025-03-05 00:50:25"
872,speedreading,1741138822:BV:2599,"2025-03-05 01:40:24"
878,speedreading,1741138823:BV:2618,"2025-03-05 01:40:26"
875,speedreading,1741138845:BV:2613,"2025-03-05 01:40:47"
848,speedreading,1741139422:BV:2586,"2025-03-05 01:50:25"
825,speedreading,1741139424:BV:26623,"2025-03-05 01:50:25"
860,speedreading,1741139723:BV:2563,"2025-03-05 01:55:24"
878,speedreading,1741142422:BV:2617,"2025-03-05 02:40:24"
825,speedreading,1741143023:BV:2585,"2025-03-05 02:50:25"
848,speedreading,1741143023:BV:2585,"2025-03-05 02:50:27"
860,speedreading,1741143323:BV:2563,"2025-03-05 02:55:24"
878,speedreading,1741146022:BV:2612,"2025-03-05 03:40:24"
825,speedreading,1741146623:BV:2584,"2025-03-05 03:50:24"
848,speedreading,1741146623:BV:2584,"2025-03-05 03:50:26"
860,speedreading,1741146922:BV:2562,"2025-03-05 03:55:24"
825,speedreading,1741150223:BV:2583,"2025-03-05 04:50:25"
848,speedreading,1741150222:BV:2583,"2025-03-05 04:50:26"
860,speedreading,1741150523:BV:2561,"2025-03-05 04:55:28"
825,speedreading,1741153822:BV:2581,"2025-03-05 05:50:24"
848,speedreading,1741153822:BV:2581,"2025-03-05 05:50:25"
860,speedreading,1741154122:BV:2562,"2025-03-05 05:55:25"
636,getconfigrun,success,"2025-03-05 06:30:06"
636,speedreading,1741156200:W1:11859:0~1741156200:BV:454~,"2025-03-05 06:30:06"
636,getconfigrun,success,"2025-03-05 06:34:04"
636,speedreading,1741156440:W0:9903:179:200:0~1741156440:BV:453~,"2025-03-05 06:34:04"
638,getconfigrun,success,"2025-03-05 06:40:24"
638,speedreading,1741156800:W1:12144:0~1741156800:BV:802~,"2025-03-05 06:40:25"
638,getconfigrun,success,"2025-03-05 06:44:22"
638,speedreading,1741157040:W0:9308:46:200:0~1741157040:BV:799~,"2025-03-05 06:44:22"
825,speedreading,1741157424:BV:26623,"2025-03-05 06:50:25"
848,speedreading,1741157423:BV:26623,"2025-03-05 06:50:26"
860,speedreading,1741157722:BV:2562,"2025-03-05 06:55:25"
650,getconfigrun,success,"2025-03-05 07:00:11"
650,speedreading,1741158000:W1:5822:0~1741158000:BV:820~,"2025-03-05 07:00:11"
50024,speedreading,"{"Datetime": [14, "02", "07", "WED", 5, 3, 2025], "Data": [{"ar": "0", "BOFR": "0", "VN": "B", "AOFR": "0", "A1": "LO", "NN": "A", "F1": "0", "F2": "0", "ACR": "B"}]}","2025-03-05 07:02:18"
64,getconfigrun,success,"2025-03-05 07:10:14"
64,speedreading,1741158600:W1:7955:0~1741158600:BV:336~,"2025-03-05 07:10:15"
50024,speedreading,"{"Datetime": [35, 21, "07", "WED", 5, 3, 2025], "Data": [{"ar": "0", "BCFR": "0", "VN": "B", "ACFR": "0", "A1": "LC", "NN": "A", "F1": "8", "F2": "0", "ACR": "b"}]}","2025-03-05 07:21:38"
113,getconfigrun,success,"2025-03-05 07:30:07"
113,speedreading,1741159800:W1:6129:0~1741159800:BV:447~,"2025-03-05 07:30:07"
650,getconfigrun,success,"2025-03-05 07:30:10"
650,speedreading,1741159800:W0:5191:0:200:0~1741159800:BV:820~,"2025-03-05 07:30:11"
50024,speedreading,"{"Datetime": [13, 32, "07", "WED", 5, 3, 2025], "Data": [{"ar": "0", "BOFR": "0", "VN": "C", "AOFR": "0", "A1": "LO", "NN": "A", "F1": "0", "F2": "0", "ACR": "C"}]}","2025-03-05 07:32:16"
101,getconfigrun,success,"2025-03-05 07:35:04"
101,speedreading,1741160100:W1:7213:0~1741160100:BV:425~,"2025-03-05 07:35:04"
113,getconfigrun,success,"2025-03-05 07:40:06"
113,speedreading,1741160400:W0:5139:53:200:0~1741160400:BV:448~,"2025-03-05 07:40:07"
64,getconfigrun,success,"2025-03-05 07:40:20"
64,speedreading,1741160400:W0:13448:0:200:0~1741160400:BV:338~,"2025-03-05 07:40:20"
101,getconfigrun,success,"2025-03-05 07:41:04"
101,speedreading,1741160460:W0:6913:279:200:0~1741160460:BV:428~,"2025-03-05 07:41:04"
651,getconfigrun,success,"2025-03-05 07:45:10"
651,speedreading,1741160700:W1:5804:133~1741160700:BV:834~,"2025-03-05 07:45:10"
825,speedreading,1741161023:BV:26623,"2025-03-05 07:50:25"
50024,speedreading,"{"Datetime": [34, 51, "07", "WED", 5, 3, 2025], "Data": [{"ar": "0", "BCFR": "0", "VN": "C", "ACFR": "0", "A1": "LC", "NN": "A", "F1": "31", "F2": "0", "ACR": "c"}]}","2025-03-05 07:51:38"
860,speedreading,1741161323:BV:2564,"2025-03-05 07:55:26"
108,getconfigrun,success,"2025-03-05 08:00:07"
108,speedreading,1741161600:W1:7059:0~1741161600:BV:435~,"2025-03-05 08:00:08"
50024,speedreading,"{"Datetime": [14, "02", "08", "WED", 5, 3, 2025], "Data": [{"ar": "0", "BOFR": "0", "VN": "A", "AOFR": "0", "A1": "LO", "NN": "A", "F1": "26623", "F2": "0", "ACR": "A"}]}","2025-03-05 08:02:19"
50021,speedreading,"{"Datetime": [44, "06", "08", "WED", 5, 3, 2025], "Data": [{"ar": "0", "BOFR": "0", "VN": "V", "AOFR": "0", "A1": "LO", "NN": "V", "F1": "0", "F2": "0", "ACR": "V"}]}","2025-03-05 08:06:48"
531,getconfigrun,success,"2025-03-05 08:08:24"
531,speedreading,1741160160:E1:38810~1741160160:W1:38748:0~1741160160:BV:393~1741162080:W0:23674:27:201:0~1741162080:BV:393~,"2025-03-05 08:08:24"
108,getconfigrun,success,"2025-03-05 08:15:06"
108,speedreading,1741162500:W0:5623:22:200:0~1741162500:BV:413~,"2025-03-05 08:15:06"
651,getconfigrun,success,"2025-03-05 08:15:09"
651,speedreading,1741162500:W0:5294:116:200:0~1741162500:BV:833~,"2025-03-05 08:15:10"
50024,speedreading,"{"Datetime": [34, 21, "08", "WED", 5, 3, 2025], "Data": [{"ar": "0", "BCFR": "0", "VN": "A", "ACFR": "0", "A1": "LC", "NN": "A", "F1": "62", "F2": "0", "ACR": "a"}]}","2025-03-05 08:21:38"
50021,speedreading,"{"Datetime": [44, 28, "08", "WED", 5, 3, 2025], "Data": [{"ar": "0", "BCFR": "0", "VN": "V", "ACFR": "0", "A1": "LC", "NN": "V", "F1": "0", "F2": "0", "ACR": "v"}]}","2025-03-05 08:28:47"
652,getconfigrun,success,"2025-03-05 08:30:00"
652,speedreading,1741163400:W1:5551:3~1741163400:BV:817~,"2025-03-05 08:30:00"
106,getconfigrun,success,"2025-03-05 08:30:05"
106,speedreading,1741163400:W1:7227:0~1741163400:BV:447~,"2025-03-05 08:30:05"
50024,speedreading,"{"Datetime": [13, 32, "08", "WED", 5, 3, 2025], "Data": [{"ar": "0", "BOFR": "0", "VN": "D", "AOFR": "0", "A1": "LO", "NN": "A", "F1": "0", "F2": "0", "ACR": "D"}]}","2025-03-05 08:32:16"
106,getconfigrun,success,"2025-03-05 08:36:03"
106,speedreading,1741163760:W0:4781:186:200:0~1741163760:BV:449~,"2025-03-05 08:36:03"
872,speedreading,1741164023:BV:61439,"2025-03-05 08:40:26"
878,speedreading,1741164023:BV:2636,"2025-03-05 08:40:26"
875,speedreading,1741164048:BV:2605,"2025-03-05 08:40:50"
652,getconfigrun,success,"2025-03-05 08:49:59"
652,speedreading,1741164600:W0:4922:50:200:0~1741164600:BV:814~,"2025-03-05 08:49:59"
825,speedreading,1741164623:BV:28671,"2025-03-05 08:50:25"
50024,speedreading,"{"Datetime": [33, 51, "08", "WED", 5, 3, 2025], "Data": [{"ar": "0", "BCFR": "0", "VN": "D", "ACFR": "0", "A1": "LC", "NN": "A", "F1": "107", "F2": "0", "ACR": "d"}]}","2025-03-05 08:51:38"
860,speedreading,1741164922:BV:2575,"2025-03-05 08:55:25"
612,getconfigrun,success,"2025-03-05 09:00:14"
612,speedreading,1741165200:W1:8592:0~1741165200:BV:531~,"2025-03-05 09:00:14"
612,getconfigrun,success,"2025-03-05 09:10:13"
612,speedreading,1741165800:W0:7249:1:201:0~1741165800:BV:532~,"2025-03-05 09:10:13"
656,getconfigrun,success,"2025-03-05 09:23:00"
656,speedreading,1741166460:W1:121627:0~1741166460:BV:408~,"2025-03-05 09:23:00"
878,speedreading,1741167623:BV:2671,"2025-03-05 09:40:25"
875,speedreading,1741167669:BV:2676,"2025-03-05 09:41:10"
656,getconfigrun,success,"2025-03-05 09:42:05"
656,speedreading,1741167660:W0:66723:131:200:0~1741167660:BV:410~,"2025-03-05 09:42:06"
825,speedreading,1741168223:BV:26623,"2025-03-05 09:50:24"
860,speedreading,1741168522:BV:2598,"2025-03-05 09:55:25"
542,getconfigrun,success,"2025-03-05 10:00:03"
542,speedreading,1741168800:W1:7397:0~1741168800:BV:865~,"2025-03-05 10:00:03"
609,getconfigrun,success,"2025-03-05 10:05:22"
609,speedreading,1741169100:W1:5645:0~1741169100:BV:528~,"2025-03-05 10:05:22"
609,getconfigrun,success,"2025-03-05 10:27:25"
609,speedreading,1741170420:W0:8373:6:200:0~1741170420:BV:530~,"2025-03-05 10:27:25"
825,speedreading,1741171824:BV:26623,"2025-03-05 10:50:26"
860,speedreading,1741172123:BV:2607,"2025-03-05 10:55:25"
539,getconfigrun,success,"2025-03-05 11:00:20"
539,speedreading,1741172400:W1:11803:0~1741172400:BV:452~,"2025-03-05 11:00:20"
539,getconfigrun,success,"2025-03-05 11:25:13"
539,speedreading,1741173900:W0:5031:0:200:0~1741173900:BV:451~,"2025-03-05 11:25:14"
872,speedreading,1741174823:BV:2619,"2025-03-05 11:40:26"
875,speedreading,1741174848:BV:3300,"2025-03-05 11:40:50"
860,speedreading,1741175722:BV:3300,"2025-03-05 11:55:25"
610,getconfigrun,success,"2025-03-05 12:03:19"
610,speedreading,1741176180:W1:6204:0~1741176180:BV:522~,"2025-03-05 12:03:19"
610,getconfigrun,success,"2025-03-05 12:07:18"
610,speedreading,1741176420:W0:5173:0:200:0~1741176420:BV:523~,"2025-03-05 12:07:18"
50019,speedreading,"{"Datetime": [21, 25, 12, "FRI", 5, 3, 2025], "Data": [{"ar": "0", "BOFR": "0", "AOFR": "0", "F2": 0, "F1": 0, "BV": 0.98, "NN": "A", "A1": "LO", "ACR": "OK", "VN": "A"}]}","2025-03-05 12:25:23"
50019,speedreading,"{"Datetime": [57, 29, 12, "FRI", 5, 3, 2025], "Data": [{"ar": "0", "BCFR": "0", "ACFR": "0", "F2": 0, "F1": 0, "BV": 0.98, "NN": "A", "A1": "LC", "ACR": "OK", "VN": "A"}]}","2025-03-05 12:30:00"
878,speedreading,1741178422:BV:2840,"2025-03-05 12:40:26"
860,speedreading,1741179323:BV:3300,"2025-03-05 12:55:27"
878,speedreading,1741182022:BV:2661,"2025-03-05 13:40:25"
860,speedreading,1741182923:BV:3300,"2025-03-05 13:55:24"
